cartodb_id,the_geom,seven,six,five,four,three,two,one,z,w,s,r,q,n,m,l,j,g,f,e,d,c,b,a,zonecheck,borough,zone,change_2015_16,subway_station,long,lat
298,0101000020E6100000DFE75322647952C02DD560753F694440,0,0,1,0,0,1,0,0,0,0,0,0,0,0,0,0,0,0,0,0,0,0,0,1,Queens,Longwood,21975,"Intervale Av 2, 5 subway",-73.8967367,40.8222491
1,0101000020E61000005133A48AE27E52C0D4635B069C5D4440,0,0,0,0,0,0,0,0,0,0,0,0,0,0,1,0,0,0,0,0,0,0,0,1,Manhattan,East Village,-41214,1 Av L subway,-73.982577,40.731324
2,0101000020E610000017D7F84CF67D52C088669E5C53664440,0,0,0,0,0,0,1,0,0,0,0,0,0,0,0,0,0,0,0,0,0,0,0,1,Manhattan,Manhattan Valley,31510,103 St 1 subway,-73.968158,40.799419
3,0101000020E61000005DC6A8C6A67C52C0A64D30F724654440,0,1,0,0,0,0,0,0,0,0,0,0,0,0,0,0,0,0,0,0,0,0,0,1,Manhattan,East Harlem South,305721,103 St 6 subway,-73.9476792,40.7901906
4,0101000020E61000001A6EC0E7877D52C0672783A3E4654440,0,0,0,0,0,0,0,0,0,0,0,0,0,0,0,0,0,0,0,0,1,1,1,1,Manhattan,Manhattan Valley,-39472,"103 St A, B, C subway",-73.96142,40.79604
5,0101000020E6100000C2660444367752C0AA8A5F67F95F4440,1,0,0,0,0,0,0,0,0,0,0,0,0,0,0,0,0,0,0,0,0,0,0,1,Queens,North Corona,-22552,103 St-Corona Plaza 7 subway,-73.862687115,40.7497987
6,0101000020E61000005FCFD72C977552C040A0336953574440,0,0,0,0,0,0,0,0,0,0,0,0,0,0,0,0,0,0,0,0,0,0,1,1,Queens,Richmond Hill,88147,104 St A subway,-73.837352,40.682233
40,0101000020E6100000637E6E68CA7252C0026553AEF05A4440,0,0,0,0,0,0,0,0,0,0,0,0,0,0,0,0,0,1,0,0,0,0,0,1,Queens,Jamaica,-70779,169 St F subway,-73.793604,40.71047
7,0101000020E61000000742B280097652C00873BB97FB584440,0,0,0,0,0,0,0,1,0,0,0,0,0,0,0,1,0,0,0,0,0,0,0,1,Queens,Richmond Hill,9358,"104 St J, Z subway",-73.84433,40.695178
8,0101000020E61000007FDFBF79717C52C0355F251FBB654440,0,1,0,0,0,0,0,0,0,0,0,0,0,0,0,0,0,0,0,0,0,0,0,1,Manhattan,East Harlem South,-12738,110 St 6 subway,-73.944426,40.794773
9,0101000020E6100000E445F6A6E17652C007B64AB038604440,1,0,0,0,0,0,0,0,0,0,0,0,0,0,0,0,0,0,0,0,0,0,0,1,Queens,North Corona,53913,111 St 7 subway,-73.857522717,40.75173
10,0101000020E61000007670B037317552C023BA675DA3574440,0,0,0,0,0,0,0,0,0,0,0,0,0,0,0,0,0,0,0,0,0,0,1,1,Queens,South Ozone Park,-205790,111 St A subway,-73.831129,40.684673
11,0101000020E610000014FF1C8B927552C094895B0531594440,0,0,0,0,0,0,0,0,0,0,0,0,0,0,0,1,0,0,0,0,0,0,0,1,Queens,Richmond Hill,-6800,111 St J subway,-73.8370693,40.6968085
12,0101000020E610000076656199C87C52C02FB319F1AE664440,0,0,0,0,1,1,0,0,0,0,0,0,0,0,0,0,0,0,0,0,0,0,0,1,Manhattan,Central Harlem,-74508,"116 St 2, 3 subway",-73.9497436,40.8022138
13,0101000020E61000003387A4164A7C52C0A7AD11C138664440,0,1,0,0,0,0,0,0,0,0,0,0,0,0,0,0,0,0,0,0,0,0,0,1,Manhattan,East Harlem North,12622,116 St 6 subway,-73.942022,40.798607
14,0101000020E6100000EC7DF497277D52C054049376FE664440,0,0,0,0,0,0,0,0,0,0,0,0,0,0,0,0,0,0,0,0,1,1,1,1,Manhattan,Central Harlem,30058,"116 St A, B, C subway",-73.9555416,40.8046406
15,0101000020E610000096427B50AB7D52C00220387870674440,0,0,0,0,0,0,1,0,0,0,0,0,0,0,0,0,0,0,0,0,0,0,0,1,Manhattan,Morningside Heights,-49029,116 St-Columbia University 1 subway,-73.9635812,40.8081198
16,0101000020E6100000706A566C027552C014AC167DAA594440,0,0,0,0,0,0,0,1,0,0,0,0,0,0,0,1,0,0,0,0,0,0,0,1,Queens,Richmond Hill,6013,"121 St J, Z subway",-73.8282729,40.7005154
17,0101000020E61000005A643BDF4F7D52C0B81E85EB51684440,0,0,0,0,0,0,1,0,0,0,0,0,0,0,0,0,0,0,0,0,0,0,0,1,Manhattan,Morningside Heights,-31196,125 St 1 subway,-73.958,40.815
18,0101000020E61000001CD36E4F6B7C52C083633B8496674440,0,0,0,0,1,1,0,0,0,0,0,0,0,0,0,0,0,0,0,0,0,0,0,1,Manhattan,Central Harlem North,-131537,"125 St 2, 3 subway",-73.9440497,40.8092809
19,0101000020E61000008BC7A06EFB7B52C088A647AEF6664440,0,1,1,1,0,0,0,0,0,0,0,0,0,0,0,0,0,0,0,0,0,0,0,1,Manhattan,East Harlem North,-155404,"125 St 4, 5, 6 subway",-73.9372212,40.8044031
20,0101000020E610000002E49535FB7C52C04186E9D6C6674440,0,0,0,0,0,0,0,0,0,0,0,0,0,0,0,0,0,0,0,1,1,1,1,1,Manhattan,Morningside Heights,45041,"125 St A, B, C, D subway",-73.9528326,40.8107556
21,0101000020E6100000F88DAF3D337C52C0670C738236684440,0,0,1,0,1,1,0,0,0,0,0,0,0,0,0,0,0,0,0,0,0,0,0,1,Manhattan,Central Harlem North,-82566,"135 St 2, 3, 5 subway",-73.9406275,40.8141635
22,0101000020E6100000E72E2EFAAF7C52C04717409D97684440,0,0,0,0,0,0,0,0,0,0,0,0,0,0,0,0,0,0,0,0,1,1,1,1,Manhattan,Manhattanville,37899,"135 St A, B, C subway",-73.9482408,40.8171269
23,0101000020E6100000C898BB96107D52C0BEA9A33E24694440,0,0,0,0,0,0,1,0,0,0,0,0,0,0,0,0,0,0,0,0,0,0,0,1,Manhattan,Manhattanville,-82146,137 St-City College 1 subway,-73.9541375,40.8214186
24,0101000020E610000048B368F02D8052C09402C1D2AF5E4440,0,0,0,0,0,0,0,0,0,0,0,0,0,0,1,0,0,0,1,0,1,0,1,1,Manhattan,West Village,-191652,"14 St A, C, E  / 8 Av L subway",-74.0028039,40.7397407
25,0101000020E610000091CC8F64FB7F52C0C2AD71EC8F5E4440,0,0,0,0,1,1,1,0,0,0,0,0,0,1,1,0,0,1,0,0,0,0,0,1,Manhattan,Flatiron,-2366,"14 St F, M, 1, 2, 3 / 6 Av L subway",-73.9997188,40.7387672
26,0101000020E61000009D8D4B0B4D7F52C0F61B3746FC5D4440,0,1,1,1,0,0,0,0,1,0,1,1,1,0,1,0,0,0,0,0,0,0,0,1,Manhattan,Gramercy,-1030801,"14 St-Union Sq L, N, Q, R, W, 4, 5, 6 subway",-73.9890774,40.7342613
27,0101000020E6100000CDCCCCCCCC7C52C07D3F355EBA694440,0,0,0,0,0,0,1,0,0,0,0,0,0,0,0,0,0,0,0,0,0,0,0,1,Manhattan,Hamilton Heights,-9116,145 St 1 subway,-73.95,40.826
28,0101000020E61000009DA27E72EF7B52C05E8C37E801694440,0,0,0,0,1,0,0,0,0,0,0,0,0,0,0,0,0,0,0,0,0,0,0,1,Manhattan,Central Harlem North,-51379,145 St 3 subway,-73.9364897,40.8203707
29,0101000020E6100000192EBCDC717C52C06EF9484A7A694440,0,0,0,0,0,0,0,0,0,0,0,0,0,0,0,0,0,0,0,1,1,1,1,1,Manhattan,Hamilton Heights,25897,"145 St A, B, C, D subway",-73.9444496,40.8240445
30,0101000020E61000007ADA86F6567B52C04548DDCEBE684440,0,0,1,1,0,1,0,0,0,0,0,0,0,0,0,0,0,0,0,0,0,0,0,1,The Bronx,Mott Haven/Port Morris,-42854,"149 St-Grand Concourse 2, 4, 5 subway",-73.9271828,40.818323
31,0101000020E61000004D6A6803B07E52C026361FD786544440,0,0,0,0,0,0,0,0,0,0,0,0,0,0,0,0,1,1,0,0,0,0,0,1,Brooklyn,Windsor Terrace,-52793,"15 St-Prospect Park F, G subway",-73.979493,40.660365
32,0101000020E610000036131D13F37B52C0587D6429486A4440,0,0,0,0,0,0,0,0,0,0,0,0,0,0,0,0,0,0,0,1,0,1,0,1,Manhattan,Central Harlem North,2699,"155 St B, D subway",-73.9367111,40.8303272
33,0101000020E61000002BC9F08E427C52C063E9E85D616A4440,0,0,0,0,0,0,0,0,0,0,0,0,0,0,0,0,0,0,0,0,1,0,1,1,Manhattan,Washington Heights South,38605,"155 St A, C subway",-73.9415624,40.8310964
34,0101000020E610000023DBF97E6A7C52C0986E1283C06A4440,0,0,0,0,0,0,1,0,0,0,0,0,0,0,0,0,0,0,0,0,0,0,0,1,Manhattan,Washington Heights South,25974,157 St 1 subway,-73.944,40.834
35,0101000020E6100000FB7F8B04897B52C0F4103235AE694440,0,0,0,1,0,0,0,0,0,0,0,0,0,0,0,0,0,0,0,1,0,1,0,1,The Bronx,West Concourse,-137781,"161 St-Yankee Stadium B, D, 4 subway",-73.9302379,40.8256289
36,0101000020E61000006971C630277C52C0F3035779026B4440,0,0,0,0,0,0,0,0,0,0,0,0,0,0,0,0,0,0,0,0,1,0,1,1,Manhattan,Washington Heights South,55408,"163 St-Amsterdam Av A, C subway",-73.939892,40.836013
37,0101000020E610000031862815C37A52C05AF10D85CF6A4440,0,0,0,1,0,0,0,0,0,0,0,0,0,0,0,0,0,0,0,0,0,0,0,1,The Bronx,West Concourse,-1187,167 St 4 subway,-73.9181569,40.834458
38,0101000020E6100000996148F3EC7A52C0C1AC50A4FB6A4440,0,0,0,0,0,0,0,0,0,0,0,0,0,0,0,0,0,0,0,1,0,1,0,1,The Bronx,West Concourse,70716,"167 St B, D subway",-73.9207123,40.8358045
39,0101000020E6100000376277CB1F7C52C045BDE0D39C6B4440,0,0,0,0,0,0,1,0,0,0,0,0,0,0,0,0,0,0,0,0,1,0,1,1,Manhattan,Washington Heights South,208428,"168 St A, C, 1 subway",-73.9394406,40.8407235
41,0101000020E61000000A647616BD7A52C0F697DD93876B4440,0,0,0,1,0,0,0,0,0,0,0,0,0,0,0,0,0,0,0,0,0,0,0,1,The Bronx,West Concourse,-6428,170 St 4 subway,-73.917791,40.840075
42,0101000020E6100000A60A4625757A52C015AB06616E6B4440,0,0,0,0,0,0,0,0,0,0,0,0,0,0,0,0,0,0,0,1,0,1,0,1,The Bronx,West Concourse,30888,"170 St B, D subway",-73.9134,40.839306
43,0101000020E61000006B0E10CCD17852C09A04148F306B4440,0,0,1,0,0,1,0,0,0,0,0,0,0,0,0,0,0,0,0,0,0,0,0,1,The Bronx,Crotona Park East,97762,"174 St 2, 5 subway",-73.887805,40.8374194
44,0101000020E610000007FB65E6387A52C0252CE0545A6C4440,0,0,0,0,0,0,0,0,0,0,0,0,0,0,0,0,0,0,0,1,0,1,0,1,The Bronx,Mount Hope,56508,"174-175 Sts B, D subway",-73.9097229,40.8465067
45,0101000020E6100000E41071732A7C52C090DC9A745B6C4440,0,0,0,0,0,0,0,0,0,0,0,0,0,0,0,0,0,0,0,0,0,0,1,1,Manhattan,Washington Heights South,-147728,175 St A subway,-73.940091,40.846541
46,0101000020E610000019AC38D55A7A52C0B1A71DFE9A6C4440,0,0,0,1,0,0,0,0,0,0,0,0,0,0,0,0,0,0,0,0,0,0,0,1,The Bronx,University Heights/Morris Heights,67308,176 St 4 subway,-73.911794,40.84848
47,0101000020E610000030F5F3A6228052C0C493DDCCE84D4440,0,0,0,0,0,0,0,0,0,0,0,0,0,0,0,0,0,0,0,1,0,0,0,1,,Bath Beach,78538,18 Av D subway,-74.002115,40.608667
48,0101000020E6100000483140A2897E52C0A946544DB5504440,0,0,0,0,0,0,0,0,0,0,0,0,0,0,0,0,0,1,0,0,0,0,0,1,Brooklyn,Borough Park,-48266,18 Av F subway,-73.9771505,40.6305329
49,0101000020E6100000239E91AD537F52C0A0C552245F4F4440,0,0,0,0,0,0,0,0,0,0,0,0,1,0,0,0,0,0,0,0,0,0,0,1,Brooklyn,Bensonhurst West,-1061805,18 Av N subway,-73.9894823,40.620091
50,0101000020E61000001D5A643BDF7F52C0022B8716D95E4440,0,0,0,0,0,1,1,0,0,0,0,0,0,0,0,0,0,0,0,0,0,0,0,1,Manhattan,Flatiron,10824,"18 St 1, 2 subway",-73.998,40.741
51,0101000020E610000029C8748DBB7B52C0BC36C071BE6C4440,0,0,0,0,0,0,1,0,0,0,0,0,0,0,0,0,0,0,0,0,0,0,0,1,Manhattan,Washington Heights North,-6890,181 St 1 subway,-73.9333223,40.8495619
52,0101000020E61000007E9A498AFE7B52C0909614692C6D4440,0,0,0,0,0,0,0,0,0,0,0,0,0,0,0,0,0,0,0,0,0,0,1,1,Manhattan,Washington Heights North,-169004,181 St A subway,-73.9374109,40.8529178
53,0101000020E6100000A54A94BDA57952C0D2AA9674946D4440,0,0,0,0,0,0,0,0,0,0,0,0,0,0,0,0,0,0,0,1,0,1,0,1,The Bronx,Fordham South,38826,"182-183 Sts B, D subway",-73.900741,40.856093
54,0101000020E6100000A3224E27D97952C028D4D347E06D4440,0,0,0,1,0,0,0,0,0,0,0,0,0,0,0,0,0,0,0,0,0,0,0,1,The Bronx,Fordham South,13372,183 St 4 subway,-73.903879,40.858407
55,0101000020E6100000641415BBC77B52C0EF35A90DF36D4440,0,0,0,0,0,0,0,0,0,0,0,0,0,0,0,0,0,0,0,0,0,0,1,1,Manhattan,Washington Heights North,-70266,190 St A subway,-73.9340656,40.8589799
56,0101000020E6100000FA7E6ABC747B52C03D0AD7A3706D4440,0,0,0,0,0,0,1,0,0,0,0,0,0,0,0,0,0,0,0,0,0,0,0,1,Manhattan,Washington Heights North,16979,191 St 1 subway,-73.929,40.855
57,0101000020E6100000F612BE52717F52C0732A1900AA5C4440,0,0,0,0,0,0,0,0,0,0,0,0,0,0,0,0,0,1,0,0,0,0,0,1,Manhattan,East Village,-75173,2 Av F subway,-73.9912917,40.723938
58,0101000020E610000009FA0B3DE27F52C00641A063624D4440,0,0,0,0,0,0,0,0,0,0,0,0,0,0,0,0,0,0,0,1,0,0,0,1,Brooklyn,Bensonhurst West,63912,20 Av D subway,-73.9981835,40.604565099
59,0101000020E6100000E39645170A7F52C06E1393DC064F4440,0,0,0,0,0,0,0,0,0,0,0,0,1,0,0,0,0,0,0,0,0,0,0,1,Brooklyn,Bensonhurst West,-870109,20 Av N subway,-73.9849909,40.6173969
60,0101000020E6100000D712F241CF7A52C0CA54C1A8A46E4440,0,0,0,0,0,0,1,0,0,0,0,0,0,0,0,0,0,0,0,0,0,0,0,1,Manhattan,Inwood,57872,207 St 1 subway,-73.9189,40.8644
61,0101000020E6100000DE25CC0FB77C52C0C9699956545F4440,0,0,0,0,0,0,0,0,0,0,0,0,0,0,0,0,1,0,0,0,0,0,0,1,Queens,Long Island City/Hunters Point,46536,21 St G subway,-73.9486732,40.7447613
62,0101000020E6100000B9944E7F517C52C0AE6F16E588604440,0,0,0,0,0,0,0,0,0,0,0,0,0,0,0,0,0,1,0,0,0,0,0,1,Queens,Queensbridge/Ravenswood,124709,21 St-Queensbridge F subway,-73.9424742,40.7541777
63,0101000020E6100000AE5EEA8C947A52C090357E3C4F6F4440,0,0,0,0,0,0,1,0,0,0,0,0,0,0,0,0,0,0,0,0,0,0,0,1,Manhattan,Inwood,21264,215 St 1 subway,-73.9153168,40.8696056
64,0101000020E610000049F3C7B4367752C07274F0A721714440,0,0,1,0,0,1,0,0,0,0,0,0,0,0,0,0,0,0,0,0,0,0,0,1,The Bronx,Williamsbridge/Olinville,-59731,"219 St 2, 5 subway",-73.862714,40.8838396
65,0101000020E61000001C9AB2D30F7752C0731074B4AA714440,0,0,1,0,0,1,0,0,0,0,0,0,0,0,0,0,0,0,0,0,0,0,0,1,The Bronx,Williamsbridge/Olinville,-73951,"225 St 2, 5 subway",-73.860341,40.888022
66,0101000020E610000039B4C876BE7F52C0AC1C5A643B5F4440,0,0,0,0,0,1,1,0,0,0,0,0,0,0,0,0,0,0,0,0,0,0,0,1,Manhattan,Flatiron,-181304,"23 St 1, 2 subway",-73.996,40.744
67,0101000020E6100000D7DD3CD5217F52C0AB4198DBBD5E4440,0,1,0,0,0,0,0,0,0,0,0,0,0,0,0,0,0,0,0,0,0,0,0,1,Manhattan,Gramercy,-88103,23 St 6 subway,-73.98644,40.740169
68,0101000020E6100000BCF8A4D0A77F52C0F0181EFB595F4440,0,0,0,0,0,0,0,0,0,0,0,0,0,0,0,0,0,0,1,0,1,0,1,1,Manhattan,Flatiron,-301262,"23 St A, C, E subway",-73.9946176158,40.7449335
69,0101000020E610000029379BD88D7F52C0332779BF1B5F4440,0,0,0,0,0,0,0,0,0,0,0,0,0,1,0,0,0,1,0,0,0,0,0,1,Manhattan,Flatiron,47041,"23 St F, M subway",-73.9930326,40.7430343
70,0101000020E610000039B46DBD4B7F52C04CFBE6FEEA5E4440,0,0,0,0,0,0,0,0,1,0,1,1,1,0,0,0,0,0,0,0,0,0,0,1,Manhattan,Union Sq,185918,"23 St N, Q, R, W subway",-73.9889978,40.7415465
71,0101000020E6100000C493DDCCE87952C05AF2785A7E704440,0,0,0,0,0,0,1,0,0,0,0,0,0,0,0,0,0,0,0,0,0,0,0,1,The Bronx,Spuyten Duyvil/Kingsbridge,47506,231 St 1 subway,-73.904834,40.878856
72,0101000020E6100000FE0C6FD6E07652C01002F22554724440,0,0,1,0,0,1,0,0,0,0,0,0,0,0,0,0,0,0,0,0,0,0,0,1,The Bronx,Williamsbridge/Olinville,-74436,"233 St 2, 5 subway",-73.857473,40.893193
73,0101000020E6100000CCDA0132CF7952C04E5FCFD72C714440,0,0,0,0,0,0,1,0,0,0,0,0,0,0,0,0,0,0,0,0,0,0,0,1,The Bronx,Spuyten Duyvil/Kingsbridge,87246,238 St 1 subway,-73.9032712,40.884181
74,0101000020E6100000EC0AC73D277F52C09B09E12C804C4440,0,0,0,0,0,0,0,0,0,0,0,0,0,0,0,0,0,0,0,1,0,0,0,1,Brooklyn,Bensonhurst East,484533,25 Av D subway,-73.9867701,40.5976616
75,0101000020E6100000A5DB12B9E07F52C032B08EE387544440,0,0,0,0,0,0,0,0,0,0,1,0,1,0,0,0,0,0,0,0,0,0,0,1,Brooklyn,Sunset Park West,-33065,"25 St N, R subway",-73.998091,40.660397
76,0101000020E6100000643BDF4F8D7F52C0560E2DB29D5F4440,0,0,0,0,0,1,1,0,0,0,0,0,0,0,0,0,0,0,0,0,0,0,0,1,Manhattan,Penn Station/Madison Sq West,-120401,"28 St 1, 2 subway",-73.993,40.747
77,0101000020E6100000DBCF189CF77E52C088AA4EBD245F4440,0,1,0,0,0,0,0,0,0,0,0,0,0,0,0,0,0,0,0,0,0,0,0,1,Manhattan,Murray Hill,-53129,28 St 6 subway,-73.9838629,40.7433087
78,0101000020E61000003509DE90467F52C0BB5F05F86E5F4440,0,0,0,0,0,0,0,0,1,0,1,1,1,0,0,0,0,0,0,0,0,0,0,1,Manhattan,Midtown South,121966,"28 St N, Q, R, W subway",-73.988682,40.745574
79,0101000020E61000004FA786472C7F52C0D3C08F6AD85D4440,0,0,0,0,0,0,0,0,0,0,0,0,0,0,1,0,0,0,0,0,0,0,0,1,Manhattan,East Village,62859,3 Av L subway,-73.9870776,40.733167
80,0101000020E610000006D09442457B52C0D508FD4CBD674440,0,1,0,0,0,0,0,0,0,0,0,0,0,0,0,0,0,0,0,0,0,0,0,1,The Bronx,Mott Haven/Port Morris,-22889,3 Av-138 St 6 subway,-73.9261023,40.8104645
81,0101000020E61000002E3A596ABD7A52C0992842EA76684440,0,0,1,0,0,1,0,0,0,0,0,0,0,0,0,0,0,0,0,0,0,0,0,1,The Bronx,Melrose South,246305,"3 Av-149 St 2, 5 subway",-73.917811,40.816129
82,0101000020E61000009BA7DF2AF47A52C0C7DADFD91E624440,0,0,0,0,0,0,0,0,1,0,0,0,1,0,0,0,0,0,0,0,0,0,0,1,Manhattan,Astoria,-50712,"30 Av N, W subway",-73.9211528,40.7665665
83,0101000020E6100000E576D43DD77E52C0A9A7EA79925F4440,0,1,0,0,0,0,0,0,0,0,0,0,0,0,0,0,0,0,0,0,0,0,0,1,Manhattan,Midtown South,-124600,33 St 6 subway,-73.9818873,40.7466576
84,0101000020E610000025EB7074957B52C06D0377A04E5F4440,1,0,0,0,0,0,0,0,0,0,0,0,0,0,0,0,0,0,0,0,0,0,0,1,Queens,Sunnyside,-75521,33 St-Rawson St 7 subway,-73.930997,40.744587
85,0101000020E6100000DB69108B3D7F52C0BDA8DDAF02604440,0,0,0,0,0,0,0,0,1,0,1,1,0,1,0,0,0,1,0,1,0,1,0,1,Manhattan,Garment District,-541513,"34 St-Herald Square B, D, F, M, N, Q, R, W subway",-73.9881313,40.750082
86,0101000020E6100000CE86A17A108052C071FB8ADAA2604440,1,0,0,0,0,0,0,0,0,0,0,0,0,0,0,0,0,0,0,0,0,0,0,1,Manhattan,West Chelsea/Hudson Yards,1999686,34 St-Hudson Yards 7 subway,-74.0010058,40.7549699
87,0101000020E61000004B79083E617F52C077BB5E9A22604440,0,0,0,0,1,1,1,0,0,0,0,0,0,0,0,0,0,0,0,0,0,0,0,1,Manhattan,Garment District,-567793,"34 St-Penn Station 1, 2, 3 subway",-73.9903102,40.751056
88,0101000020E61000004B79083E617F52C077BB5E9A22604440,0,0,0,0,0,0,0,0,0,0,0,0,0,0,0,0,0,0,1,0,1,0,1,1,Manhattan,Garment District,-963565,"34 St-Penn Station A, C, E subway",-73.9903102,40.751056
89,0101000020E61000005E471CB2817B52C0095053CBD6604440,0,0,0,0,0,0,0,0,1,0,0,0,1,0,0,0,0,0,1,0,0,0,0,1,Queens,Long Island City/Queens Plaza,-50639,"36 Av E, N, W subway",-73.929791,40.756555
90,0101000020E610000099C57A59498052C08938E7F1C5534440,0,0,0,0,0,0,0,0,0,0,1,0,1,0,0,0,0,0,0,1,0,0,0,1,Brooklyn,Sunset Park West,96580,"36 St D, N, R subway",-74.0044769,40.6544783
91,0101000020E6100000F874FB00527B52C0327788DA91604440,0,0,0,0,0,0,0,0,0,0,1,0,0,1,0,0,0,0,0,0,0,0,0,1,Queens,Long Island City/Queens Plaza,15517,"36 St M, R subway",-73.926880117,40.7544511
92,0101000020E610000068E498D1B47B52C09576B4BB51604440,0,0,0,0,0,0,0,0,1,0,0,0,1,0,0,0,0,0,0,0,0,0,0,1,Queens,Long Island City/Queens Plaza,-55217,"39 Av N, W subway",-73.9329113,40.7524943
93,0101000020E61000006791370A5A7F52C05F605628D2554440,0,0,0,0,0,0,0,0,0,0,1,0,1,0,0,0,1,1,0,1,0,0,0,1,Brooklyn,Gowanus,-60450,"4 Av F, G / 9 St D, N, R subway",-73.9898706,40.670476
94,0101000020E6100000766AD37D257B52C08B1068FA365F4440,1,0,0,0,0,0,0,0,0,0,0,0,0,0,0,0,0,0,0,0,0,0,0,1,Queens,Sunnyside,-22002,40 St-Lowery St 7 subway,-73.9241633,40.7438653
95,0101000020E610000079B29B19FD7E52C00BCE8536A5604440,1,0,0,0,0,0,0,0,0,0,0,0,0,1,0,0,0,1,0,1,0,1,0,1,Manhattan,Times Sq/Theatre District,713537,"42 St-Bryant Pk B, D, F, M / 5 Av 7 subway",-73.984198,40.7550419
96,0101000020E6100000E2B034F0A38052C0AA0CE36E10534440,0,0,0,0,0,0,0,0,0,0,1,0,1,0,0,0,0,0,0,0,0,0,0,1,Brooklyn,Sunset Park West,-92926,"45 St N, R subway",-74.010006,40.648939
97,0101000020E610000021657A78857A52C05557F43DD9604440,0,0,0,0,0,0,0,0,0,0,1,0,0,1,0,0,0,0,1,0,0,0,0,1,Queens,Astoria,-52464,"46 St E, M, R subway",-73.9143964,40.7566297
98,0101000020E6100000EFC110DEC37A52C0EB747BA41C5F4440,1,0,0,0,0,0,0,0,0,0,0,0,0,0,0,0,0,0,0,0,0,0,0,1,Queens,Sunnyside,-52348,46 St-Bliss St 7 subway,-73.9182048,40.7430616
99,0101000020E61000001601A9A8D57E52C0CA00AB7E00614440,0,0,0,0,0,0,0,0,0,0,0,0,0,1,0,0,0,1,0,1,0,1,0,1,Manhattan,Midtown Center,-383243,"47-50 Sts-Rockefeller Center B, D, F, M subway",-73.9817907,40.7578276
100,0101000020E610000076DF313CF67E52C02810768A55614440,0,0,0,0,0,0,0,0,1,0,1,1,1,0,0,0,0,0,0,0,0,0,0,1,Manhattan,Times Sq/Theatre District,724639,"49 St N, Q, R, W subway",-73.983779,40.760423
101,0101000020E6100000923C7C3E6F7E52C0E44D7E8B4E614440,0,0,0,0,0,0,0,0,0,0,0,0,0,1,0,0,0,0,1,0,0,0,0,1,Manhattan,Midtown Center,-356695,"5 Av-53 St E, M subway",-73.9755398,40.7602095
102,0101000020E61000001591BCCE617E52C08451A456F3614440,0,0,0,0,0,0,0,0,1,0,1,0,1,0,0,0,0,0,0,0,0,0,0,1,Manhattan,Central Park,-87332,"5 Av-59 St N, R, W subway",-73.9747197,40.7652386
103,0101000020E610000071C6D56DF57E52C036559C0F74614440,0,0,1,0,0,0,1,0,0,0,0,0,0,0,0,0,0,0,0,0,0,0,0,1,Manhattan,Times Sq/Theatre District,-109435,"50 St 1, 2, 5 subway",-73.9837298,40.7613544
104,0101000020E610000038F2E5AA1E7F52C08285DDC199614440,0,0,0,0,0,0,0,0,0,0,0,0,0,0,0,0,0,0,1,0,1,0,1,1,Manhattan,Clinton East,-47478,"50 St A, C, E subway",-73.9862468,40.7625048
105,0101000020E6100000261708A7AA7F52C037610CF670514440,0,0,0,0,0,0,0,0,0,0,0,0,0,0,0,0,0,0,0,1,0,0,0,1,Brooklyn,Borough Park,43744,50 St D subway,-73.9947908,40.6362598
106,,1,0,0,0,0,0,0,0,0,0,0,0,0,0,0,0,0,0,0,0,0,0,0,1,Brooklyn,Sunnyside,-46114,52 St 7 subway,,
107,0101000020E61000000DC2DCEEE58052C0EB54F99E91524440,0,0,0,0,0,0,0,0,0,0,1,0,1,0,0,0,0,0,0,0,0,0,0,1,Brooklyn,Sunset Park West,-39867,"53 St N, R subway",-74.014034,40.645069
108,0101000020E6100000FCFCF7E0B57F52C05F46B1DCD2504440,0,0,0,0,0,0,0,0,0,0,0,0,0,0,0,0,0,0,0,1,0,0,0,1,Brooklyn,Borough Park,70331,55 St D subway,-73.995476,40.631435
109,0101000020E61000006B9F8EC78C7E52C0ACAC6D8AC7614440,0,0,0,0,0,0,0,0,0,0,0,0,0,0,0,0,0,1,0,0,0,0,0,1,Brooklyn,Midtown North,101064,57 St F subway,-73.9773425,40.763902
110,0101000020E610000022EB5F48BD7E52C0550ACBE9FC614440,0,0,0,0,0,0,0,0,1,0,1,1,1,0,0,0,0,0,0,0,0,0,0,1,Manhattan,Midtown North,104457,"57 St-7 Av N, Q, R, W subway",-73.9803029,40.7655308
111,0101000020E6100000118E59F6248152C0D672672618524440,0,0,0,0,0,0,0,0,0,0,1,0,1,0,0,0,0,0,0,0,0,0,0,1,Brooklyn,Sunset Park West,10417,"59 St N, R subway",-74.017881,40.641362
112,0101000020E6100000F8FE06EDD57E52C0530031AE5D624440,0,0,0,0,0,1,1,0,0,0,0,0,0,0,0,0,0,0,0,1,1,1,1,1,Manhattan,Lincoln Square East,-96223,"59 St-Columbus Circle A, B, C, D, 1, 2 subway",-73.981807,40.7684839
113,0101000020E610000094861A85247752C0E78EFE976B5D4440,0,0,0,0,0,0,0,0,0,0,1,0,0,1,0,0,0,0,1,0,0,0,0,1,Queens,Rego Park,-24415,"63 Dr-Rego Park E, M, R subway",-73.861604,40.729846
114,0101000020E61000008B34F10E707952C0201F99B3E35F4440,0,0,0,0,0,0,0,0,0,0,1,0,0,1,0,0,0,0,1,0,0,0,0,1,Queens,Woodside,-8747,"65 St E, M, R subway",-73.8974645,40.7491364
115,0101000020E61000000287AB5ED97E52C080CC73E904634440,0,0,1,0,0,1,1,0,0,0,0,0,0,0,0,0,0,0,0,0,0,0,0,1,Manhattan,Lincoln Square East,-183259,"66 St-Lincoln Center 1, 2, 5 subway",-73.9820172,40.7735874
116,0101000020E610000094BC3AC7807652C0F1924957FA5C4440,0,0,0,0,0,0,0,0,0,0,1,0,1,0,0,0,0,0,1,0,0,0,0,1,Queens,Forest Hills,-46025,"67 Av E, M, R subway",-73.85161,40.7263898
117,0101000020E61000001DE6CB0BB07D52C0BEDBBC7152624440,0,1,0,0,0,0,0,0,0,0,0,0,0,0,0,0,0,0,0,0,0,0,0,1,Manhattan,Upper East Side South,-113160,68 St-Hunter College 6 subway,-73.96387,40.768141
118,0101000020E61000008F77A27F5D7952C0F76F03E3855F4440,1,0,0,0,0,0,0,0,0,0,0,0,0,0,0,0,0,0,0,0,0,0,0,1,Queens,Woodside,14280,69 St 7 subway,-73.8963317,40.7462734
119,0101000020E6100000CAE2FE23D37E52C03AAE4676A5614440,0,0,0,0,0,0,0,0,0,0,0,0,0,0,0,0,0,0,1,1,0,1,0,1,Manhattan,Times Sq/Theatre District,-90026,"7 Av B, D, E subway",-73.981637,40.762862
120,0101000020E61000001579ED2D407E52C031523937B7564440,0,0,0,0,0,0,0,0,0,0,0,1,0,0,0,0,0,0,0,0,0,1,0,1,Brooklyn,Prospect Heights,-37094,"7 Av B, Q subway",-73.9726672,40.6774663
121,0101000020E610000073672618CE7E52C0EC42BD2A61554440,0,0,0,0,0,0,0,0,0,0,0,0,0,0,0,0,1,1,0,0,0,0,0,1,Brooklyn,Park Slope,-79805,"7 Av F, G subway",-73.981329,40.6670278
122,0101000020E6100000B6494563ED7F52C00DFB3DB14E4F4440,0,0,0,0,0,0,0,0,0,0,0,0,0,0,0,0,0,0,0,1,0,0,0,1,Brooklyn,Bensonhurst West,541550,71 St D subway,-73.998864,40.619589
123,0101000020E6100000022B8716D97E52C0C1CAA145B6634440,0,0,0,0,1,1,1,0,0,0,0,0,0,0,0,0,0,0,0,0,0,0,0,1,Manhattan,Lincoln Square West,-83595,"72 St 1, 2, 3 subway",-73.982,40.779
124,0101000020E61000005262D7F6767E52C06D54A70359634440,0,0,0,0,0,0,0,0,0,0,0,0,0,0,0,0,0,0,0,0,1,1,1,1,Brooklyn,Lincoln Square East,-57344,"72 St A, B, C subway",-73.976011,40.776154
125,0101000020E61000008778DAD0037952C0CC632882935F4440,1,0,0,0,0,0,0,0,0,0,1,0,0,1,0,0,0,1,1,0,0,0,0,1,Queens,Elmhurst,77302,"74-Bway 7 / Jackson Hts-Roosevelt Av E, F, M, R subway",-73.8908579,40.7466891
126,0101000020E6100000FA0967B7967552C0FB592C45F25B4440,0,0,0,0,0,0,0,0,0,0,0,0,0,0,0,0,0,1,1,0,0,0,0,1,Queens,Forest Hills,-33705,"75 Av E, F subway",-73.837324,40.718331
127,0101000020E610000006D44098807752C054A5D2F47E584440,0,0,0,0,0,0,0,1,0,0,0,0,0,0,0,1,0,0,0,0,0,0,0,1,Queens,Woodhaven,-8472,"75 St-Elderts Ln J, Z subway",-73.8672238,40.6913744
128,0101000020E610000040A6B5696C7D52C088F13F9E02634440,0,1,0,0,0,0,0,0,0,0,0,0,0,0,0,0,0,0,0,0,0,0,0,1,Manhattan,Upper East Side South,-87661,77 St 6 subway,-73.959742,40.7735174
129,0101000020E61000008D08C6C1A58152C0840D4FAF94504440,0,0,0,0,0,0,0,0,0,0,1,0,0,0,0,0,0,0,0,0,0,0,0,1,Brooklyn,Bay Ridge,20617,77 St R subway,-74.025742,40.6295375
130,0101000020E6100000D8F2CAF5B67E52C07A1C06F357644440,0,0,1,0,0,1,1,0,0,0,0,0,0,0,0,0,0,0,0,0,0,0,0,1,Manhattan,Upper West Side South,-162631,"79 St 1, 2, 5 subway",-73.979917,40.783934
131,0101000020E6100000AEE2433F098052C00C7558E1964E4440,0,0,0,0,0,0,0,0,0,0,0,0,0,0,0,0,0,0,0,1,0,0,0,1,Brooklyn,Bensonhurst West,93878,79 St D subway,-74.0005644,40.6139795
132,0101000020E6100000E79EBF1AB18052C0A1D0FC7B3A514440,0,0,0,0,0,0,0,0,0,0,0,0,1,0,0,0,0,0,0,0,0,0,0,1,Brooklyn,Sunset Park East,789650,8 Av N subway,-74.0108096,40.6345973
133,0101000020E610000085AEE9E6877F52C0D40FEA22855D4440,0,0,0,0,0,0,0,0,1,0,1,1,1,0,0,0,0,0,0,0,0,0,0,1,Manhattan,Greenwich Village North,135797,"8 St-New York University N, Q, R, W subway",-73.9926698,40.7306255
134,0101000020E610000084F23E8EE67652C02EE57CB1F7564440,0,0,0,0,0,0,0,0,0,0,0,0,0,0,0,0,0,0,0,0,0,0,1,1,Queens,Ozone Park,-367030,80 St A subway,-73.857822,40.679434
135,0101000020E61000001AD18778357E52C00096F0DF17644440,0,0,0,0,0,0,0,0,0,0,0,0,0,0,0,0,0,0,0,0,1,1,1,1,Manhattan,Upper West Side South,-66129,"81 St-Museum of Natural History A, B, C subway",-73.9720136,40.7819786
136,0101000020E6100000B4F0AB28947852C049A8740BB85F4440,1,0,0,0,0,0,0,0,0,0,0,0,0,0,0,0,0,0,0,0,0,0,0,1,Queens,Jackson Heights,-38535,82 St-Jackson Hts 7 subway,-73.8840429,40.7478041
137,0101000020E6100000D07EA4880C7752C0B4942C27A1584440,0,0,0,0,0,0,0,0,0,0,0,0,0,0,0,1,0,0,0,0,0,0,0,1,Queens,Woodhaven,-2023,85 St-Forest Pkwy J subway,-73.86014,40.692418
138,0101000020E61000001FF46C567D7E52C0E9B7AF03E7644440,0,0,1,0,0,1,1,0,0,0,0,0,0,0,0,0,0,0,0,0,0,0,0,1,Manhattan,Upper West Side North,-105373,"86 St 1, 2, 5 subway",-73.9764,40.7883
139,0101000020E6100000444DF4F9287D52C0779FE3A3C5634440,0,1,1,1,0,1,0,0,0,0,0,0,0,0,0,0,0,0,0,0,0,0,0,1,Manhattan,Upper East Side North,-553235,"86 St 2, 4, 5, 6 subway",-73.955626,40.779469
140,0101000020E61000006A9956540E7E52C0936E4BE482644440,0,0,0,0,0,0,0,0,0,0,0,0,0,0,0,0,0,0,0,0,1,1,1,1,Manhattan,Upper West Side South,3974,"86 St A, B, C subway",-73.9696246,40.7852445
141,0101000020E6100000D47D00529B7E52C082531F48DE4B4440,0,0,0,0,0,0,0,0,0,0,0,0,1,0,0,0,0,0,0,0,0,0,0,1,Brooklyn,Gravesend,-440254,86 St N subway,-73.97823,40.592721
142,0101000020E61000006551D845D18152C07A522635B44F4440,0,0,0,0,0,0,0,0,0,0,1,0,0,0,0,0,0,0,0,0,0,0,0,1,Brooklyn,Bay Ridge,4799,86 St R subway,-74.028398,40.622687
143,0101000020E6100000527C7C42767652C0747ADE8D05574440,0,0,0,0,0,0,0,0,0,0,0,0,0,0,0,0,0,0,0,0,0,0,1,1,Queens,Ozone Park,-58912,88 St A subway,-73.850968,40.679857
144,0101000020E610000030682101A37F52C04ED53DB2B9524440,0,0,0,0,0,0,0,0,0,0,0,0,0,0,0,0,0,0,0,1,0,0,0,1,Brooklyn,Sunset Park East,14424,9 Av D subway,-73.994324,40.646292
145,0101000020E6100000413DC791187852C080BFF3E6CB5F4440,1,0,0,0,0,0,0,0,0,0,0,0,0,0,0,0,0,0,0,0,0,0,0,1,Queens,Jackson Heights,-17669,90 St-Elmhurst Av 7 subway,-73.8764996,40.7484101
146,0101000020E61000003DCF447D377E52C0B062A70EA8654440,0,0,0,0,1,1,1,0,0,0,0,0,0,0,0,0,0,0,0,0,0,0,0,1,Manhattan,Upper West Side North,-308199,"96 St 1, 2, 3 subway",-73.9721368,40.7941912
147,0101000020E61000007DCA3159DC7C52C0378AAC3594644440,0,1,0,0,0,0,0,0,0,0,0,0,0,0,0,0,0,0,0,0,0,0,0,1,Manhattan,Upper East Side North,-290490,96 St 6 subway,-73.950949,40.785773
148,0101000020E61000008D28ED0DBE7D52C0A565A4DE53654440,0,0,0,0,0,0,0,0,0,0,0,0,0,0,0,0,0,0,0,0,1,1,1,1,Manhattan,Upper West Side North,-40127,"96 St A, B, C subway",-73.964725,40.791622
149,0101000020E610000034AE6EAB8F7952C0BEEEBE74A4564440,0,0,0,0,0,0,0,1,0,0,0,0,0,0,0,1,0,0,0,0,0,0,0,1,Brooklyn,East New York,20367,"Alabama Av J, Z subway",-73.8993939,40.6768938
150,0101000020E6100000A6272CF1807752C0478BD8CCC66E4440,0,0,1,0,0,1,0,0,0,0,0,0,0,0,0,0,0,0,0,0,0,0,0,1,The Bronx,Bronxdale,-87888,"Allerton Av 2, 5 subway",-73.867245,40.8654419
151,0101000020E61000002B8881AE7D7552C03C0DBD6A0A564440,0,0,0,0,0,0,0,0,0,0,0,0,0,0,0,0,0,0,0,0,0,0,1,1,Brooklyn,South Ozone Park,4237,Aqueduct Racetrack A subway,-73.835796,40.6721929
152,0101000020E6100000E1A3B4ED6A7552C01B2D077AA8554440,0,0,0,0,0,0,0,0,0,0,0,0,0,0,0,0,0,0,0,0,0,0,1,1,Brooklyn,South Ozone Park,-22994,Aqueduct-North Conduit Av A subway,-73.8346514,40.669204
153,0101000020E6100000A0A0B9F3697F52C03CFE66BD735D4440,0,1,0,0,0,0,0,0,0,0,0,0,0,0,0,0,0,0,0,0,0,0,0,1,Manhattan,Greenwich Village North,-176159,Astor Place 6 subway,-73.9908418,40.7300946
154,0101000020E610000034F790F0BD7A52C0BEBD6BD097624440,0,0,0,0,0,0,0,0,1,0,0,0,1,0,0,0,0,0,0,0,0,0,0,1,Queens,Steinway,-31663,"Astoria Blvd N, W subway",-73.917843,40.770258
155,0101000020E6100000C4B5DAC35E7A52C0809C306134634440,0,0,0,0,0,0,0,0,1,0,0,0,1,0,0,0,0,0,0,0,0,0,0,1,Queens,Steinway,22287,"Astoria-Ditmars Blvd N, W subway",-73.912034,40.775036
156,0101000020E610000068075C57CC7952C0314278B471564440,0,0,0,0,0,0,0,0,0,0,0,0,0,0,1,0,0,0,0,0,0,0,0,1,Brooklyn,East New York/Pennsylvania Avenue,13795,Atlantic Av L subway,-73.903097,40.675345
157,0101000020E610000059767753807E52C0C7C848AC7B574440,0,0,1,1,1,1,0,0,0,0,1,1,1,0,0,0,0,0,0,1,0,1,0,1,Brooklyn,Park Slope,127490,"Atlantic Av-Barclays Ctr B, D, N, Q, R, 2, 3, 4, 5 subway",-73.9765824,40.6834617
158,0101000020E6100000A48E8EAB917D52C0E2B034F0A3504440,0,0,0,0,0,0,0,0,0,0,0,1,0,0,0,0,0,0,0,0,0,0,0,1,Brooklyn,Midwood,53193,Avenue H Q subway,-73.962016,40.630003
159,0101000020E6100000C76B68477D7E52C0F53E9F1221504440,0,0,0,0,0,0,0,0,0,0,0,0,0,0,0,0,0,1,0,0,0,0,0,1,Brooklyn,Borough Park,-87493,Avenue I F subway,-73.9763964195,40.6260093
160,0101000020E610000091D26C1E877D52C0A27C410B09504440,0,0,0,0,0,0,0,0,0,0,0,1,0,1,0,0,0,0,0,0,0,0,0,1,Brooklyn,Midwood,19053,Avenue J Q subway,-73.961372,40.625276
161,0101000020E610000088BA0F406A7D52C0B8904770234F4440,0,0,0,0,0,0,0,0,0,0,0,1,0,0,0,0,0,0,0,0,0,0,0,1,Brooklyn,Midwood,43179,Avenue M Q subway,-73.95961,40.618269
162,0101000020E61000001BAA3517777E52C0F83A04E9BD4E4440,0,0,0,0,0,0,0,0,0,0,0,0,0,0,0,0,0,1,0,0,0,0,0,1,Brooklyn,Borough Park,-85792,Avenue N F subway,-73.9760187172,40.6151706
163,0101000020E61000001C713D14697E52C02747A6E8ED4D4440,0,0,0,0,0,0,0,0,0,0,0,0,0,0,0,0,0,1,0,0,0,0,0,1,Brooklyn,Bensonhurst East,-48917,Avenue P F subway,-73.975163517,40.6088229
164,0101000020E6100000AAE27CA04B7E52C045D8F0F44A4C4440,0,0,0,0,0,0,0,0,0,0,0,0,0,0,0,0,0,1,0,0,0,0,0,1,Brooklyn,Gravesend,55616,Avenue U F subway,-73.9733659,40.5960375
165,0101000020E61000002882380FA77E52C019F4EF445A4C4440,0,0,0,0,0,0,0,0,0,0,0,0,1,0,0,0,0,0,0,0,0,0,0,1,Brooklyn,Gravesend,-796816,Avenue U N subway,-73.9789465,40.5965048
166,0101000020E61000001213D4F02D7D52C0143FC6DCB54C4440,0,0,0,0,0,0,0,0,0,0,0,1,0,0,0,0,0,0,0,0,0,0,0,1,Brooklyn,Madison,101408,Avenue U Q subway,-73.955929,40.5993
167,0101000020E61000003108AC1C5A7E52C0A4880CAB784B4440,0,0,0,0,0,0,0,0,0,0,0,0,0,0,0,0,0,1,0,0,0,0,0,1,Brooklyn,Gravesend,137258,Avenue X F subway,-73.97425,40.58962
168,0101000020E6100000C47C7901F67E52C0A0C552245F4B4440,0,0,0,0,0,0,0,0,0,0,0,0,0,0,0,0,0,0,0,1,0,0,0,1,Brooklyn,Gravesend,99984,Bay 50 St D subway,-73.983765,40.588841
169,0101000020E6100000A0FD4811997F52C0C56691370A4D4440,0,0,0,0,0,0,0,0,0,0,0,0,0,0,0,0,0,0,0,1,0,0,0,1,Brooklyn,Bensonhurst West,209907,Bay Pkwy D subway,-73.9937175,40.6018743
170,0101000020E61000003F726BD26D7E52C0C26D6DE1794F4440,0,0,0,0,0,0,0,0,0,0,0,0,0,0,0,0,0,1,0,0,0,0,0,1,Brooklyn,Ocean Parkway South,-53743,Bay Pkwy F subway,-73.975453,40.620907
171,0101000020E6100000CED8E1F9D67E52C0CA897615524E4440,0,0,0,0,0,0,0,0,0,0,0,0,1,0,0,0,0,0,0,0,0,0,0,1,Brooklyn,Bensonhurst East,1136871,Bay Pkwy N subway,-73.9818711,40.61188
172,0101000020E6100000A19E3E027F8152C00685419946514440,0,0,0,0,0,0,0,0,0,0,1,0,0,0,0,0,0,0,0,0,0,0,0,1,Brooklyn,Bay Ridge,-871,Bay Ridge Av R subway,-74.023377,40.634967
173,0101000020E61000001E19ABCDFF8152C0820B68D8DE4E4440,0,0,0,0,0,0,0,0,0,0,1,0,0,0,0,0,0,0,0,0,0,0,0,1,Brooklyn,Bay Ridge,-11989,Bay Ridge-95 St R subway,-74.031238,40.6161757
174,0101000020E610000013865C04A17552C0A725B1FF95704440,0,0,1,0,0,0,0,0,0,0,0,0,0,0,0,0,0,0,0,0,0,0,0,1,Brooklyn,Co-Op City,-25434,Baychester Av 5 subway,-73.8379527,40.8795776
175,0101000020E61000009501B1B6F37452C0C3A5BE87A64A4440,0,0,0,0,0,0,0,0,0,1,0,0,0,0,0,0,0,0,0,0,0,0,1,1,Brooklyn,Rockaway Park,-3785,"Beach 105 St A, S subway",-73.8273751,40.5832071
176,0101000020E61000007FFB9529C17052C00E0F0643C24C4440,0,0,0,0,0,0,0,0,0,0,0,0,0,0,0,0,0,0,0,0,0,0,1,1,Brooklyn,Hammels/Arverne,30804,Beach 25 St A subway,-73.7617897,40.5996784
177,0101000020E6100000F14E99F6287152C0121615713A4C4440,0,0,0,0,0,0,0,0,0,0,0,0,0,0,0,0,0,0,0,0,0,0,1,1,Brooklyn,Hammels/Arverne,8956,Beach 36 St A subway,-73.7681252,40.5955335
178,0101000020E6100000381268B0A97152C05089905FE44B4440,0,0,0,0,0,0,0,0,0,0,0,0,0,0,0,0,0,0,0,0,0,0,1,1,Brooklyn,Hammels/Arverne,14897,Beach 44 St A subway,-73.775982,40.5929069
179,0101000020E61000004C8BFA24777252C0178046E9D24B4440,0,0,0,0,0,0,0,0,0,0,0,0,0,0,0,0,0,0,0,0,0,0,1,1,Brooklyn,Hammels/Arverne,-6420,Beach 60 St A subway,-73.788522,40.592374
180,0101000020E6100000D59FB3BBF67252C0EE30DC6FA34B4440,0,0,0,0,0,0,0,0,0,0,0,0,0,0,0,0,0,0,0,0,0,0,1,1,Brooklyn,Hammels/Arverne,12114,Beach 67 St-Arverne By The Sea A subway,-73.7963094,40.5909252
181,0101000020E6100000E60297C71A7452C032A605D4404B4440,0,0,0,0,0,0,0,0,0,1,0,0,0,0,0,0,0,0,0,0,0,0,1,1,Brooklyn,Hammels/Arverne,2509,"Beach 90 St A, S subway",-73.8141345,40.5879159
182,0101000020E6100000BEAB79E9817452C0BAC6C26BF24A4440,0,0,0,0,0,0,0,0,0,1,0,0,0,0,0,0,0,0,0,0,0,0,1,1,Brooklyn,Rockaway Park,-10245,"Beach 98 St A, S subway",-73.8204292,40.5855231
183,0101000020E6100000E7F230FE477D52C01C261AA4E05B4440,0,0,0,0,0,0,0,0,0,0,0,0,0,0,1,0,0,0,0,0,0,0,0,1,Brooklyn,Williamsburg (North Side),300271,Bedford Av L subway,-73.9575191,40.717793
184,0101000020E610000050C58D5BCC7852C0957549E6A26F4440,0,0,0,0,0,0,0,0,0,0,0,0,0,0,0,0,0,0,0,1,0,1,0,1,The Bronx,Bedford Park,44191,"Bedford Park Blvd B, D subway",-73.887473,40.8721588
185,0101000020E6100000CE07BAACF87852C004D89134C96F4440,0,0,0,1,0,0,0,0,0,0,0,0,0,0,0,0,0,0,0,0,0,0,0,1,The Bronx,Van Cortlandt Village,-51856,Bedford Park Blvd-Lehman College 4 subway,-73.8901779,40.8733278
186,0101000020E61000007284B12AE77C52C0F4C6A41A51584440,0,0,0,0,0,0,0,0,0,0,0,0,0,0,0,0,1,0,0,0,0,0,0,1,Brooklyn,Bedford,63876,Bedford-Nostrand Avs G subway,-73.9516093,40.6899751
187,0101000020E610000048197101687E52C08E95986725574440,0,0,0,0,1,1,0,0,0,0,0,0,0,0,0,0,0,0,0,0,0,0,0,1,Brooklyn,Park Slope,20513,"Bergen St 2, 3 subway",-73.975098,40.680829
188,0101000020E6100000D8B1B6CE647F52C087270527EC574440,0,0,0,0,0,0,0,0,0,0,0,0,0,0,0,0,1,1,0,0,0,0,0,1,Brooklyn,Boerum Hill,-108911,"Bergen St F, G subway",-73.9905278,40.6868943
189,0101000020E6100000ADC3D155BA7D52C0D5D0611976524440,0,0,0,0,0,0,0,0,0,0,0,1,0,1,0,0,0,0,0,0,0,0,0,1,Brooklyn,Flatbush/Ditmas Park,54240,Beverley Rd Q subway,-73.964498,40.6442291
190,0101000020E6100000AC8F87BEBB7C52C0855B3E9292524440,0,0,1,0,0,1,0,0,0,0,0,0,0,0,0,0,0,0,0,0,0,0,0,1,Brooklyn,Erasmus,-12685,"Beverly Rd 2, 5 subway",-73.948959,40.645098
191,0101000020E61000000D7E2C8E947F52C015EC7541335C4440,0,0,0,0,0,0,0,1,0,0,0,0,0,0,0,1,0,0,0,0,0,0,0,1,Manhattan,Lower East Side,39039,"Bowery J, Z subway",-73.9934421,40.7203142
192,0101000020E610000071A312E8DD8052C09F4B8281315A4440,0,0,1,1,0,0,0,0,0,0,0,0,0,0,0,0,0,0,0,0,0,0,0,1,Manhattan,World Trade Center,-282651,"Bowling Green 4, 5 subway",-74.0135441,40.7046358
193,0101000020E61000009E0AB8E7797452C075D5F2B9C95A4440,0,0,0,0,0,0,0,0,0,0,0,0,0,0,0,0,0,1,1,0,0,0,0,1,Queens,Briarwood/Jamaica Hills,36648,"Briarwood-Van Wyck Blvd E, F subway",-73.8199405,40.7092812
194,0101000020E61000009EF98B8F857D52C0730690EBF0494440,0,0,0,0,0,0,0,0,0,0,0,1,0,0,0,0,0,0,0,0,0,1,0,1,Brooklyn,Brighton Beach,29683,"Brighton Beach B, Q subway",-73.9612769,40.5776648
195,0101000020E61000002B1C9CE3377452C017838769DF4D4440,0,0,0,0,0,0,0,0,0,1,0,0,0,0,0,0,0,0,0,0,0,0,1,1,Brooklyn,Broad Channel,-558,"Broad Channel A, S subway",-73.8159112,40.6083805
196,0101000020E610000004842051B28052C0A75B76887F5A4440,0,0,0,0,0,0,0,1,0,0,0,0,0,0,0,1,0,0,0,0,0,0,0,1,Manhattan,Financial District North,229512,"Broad St J, Z subway",-74.0108836,40.707017
197,0101000020E6100000AEB6627FD97952C03727E5A4E6564440,0,0,0,0,0,0,0,1,0,0,0,0,0,0,1,1,0,0,0,0,1,0,1,1,Brooklyn,Ocean Hill,-48257,"Broadway Junction A, C, J, L, Z subway",-73.9039,40.6789137
198,0101000020E6100000D29D712BCE7C52C00DC7F319505A4440,0,0,0,0,0,0,0,0,0,0,0,0,0,0,0,0,1,0,0,0,0,0,0,1,Brooklyn,East Williamsburg,83865,Broadway G subway,-73.9500836,40.7055695
199,0101000020E6100000AD50A4FB397B52C0C713419C87614440,0,0,0,0,0,0,0,0,1,0,0,0,1,0,0,0,0,0,0,0,0,0,0,1,Queens,Astoria,-111326,Broadway N. W subway,-73.925414,40.761951
200,0101000020E61000005B785E2AB67F52C0B0045262D75C4440,0,1,0,0,0,0,0,0,0,0,0,0,0,1,0,0,0,1,0,1,0,1,0,1,Manhattan,Greenwich Village South,-261229,"Broadway-Lafayette St B, D, F, M / Bleecker St 6 subway",-73.9954935,40.725323
201,0101000020E6100000DE3EABCC947752C0ECF65965A66C4440,0,0,1,0,0,1,0,0,0,0,0,0,0,0,0,0,0,0,0,0,0,0,0,1,The Bronx,East Tremont,-35764,"Bronx Park East 2, 5 subway",-73.868457,40.848828
202,0101000020E6100000344B02D4D47A52C047AE9B525E674440,0,1,0,0,0,0,0,0,0,0,0,0,0,0,0,0,0,0,0,0,0,0,0,1,The Bronx,Mott Haven/Port Morris,-16890,Brook Av 6 subway,-73.91924,40.807566
203,0101000020E6100000B9C89816508052C0234DBC033C5B4440,0,1,1,1,0,0,0,1,0,0,0,0,0,0,0,1,0,0,0,0,0,0,0,1,Manhattan,TriBeCa/Civic Center,-422496,"Brooklyn Bridge-City Hall 4, 5, 6 / Chambers St J, Z subway",-74.0048882,40.712769
204,0101000020E610000076AA7CCF487552C07FF62345646C4440,0,1,0,0,0,0,0,0,0,0,0,0,0,0,0,0,0,0,0,0,0,0,0,1,The Bronx,Pelham Bay,387249,Buhre Av 6 subway,-73.832569,40.84681
205,0101000020E610000030116F9D7F7752C03196E997886F4440,0,0,1,0,0,1,0,0,0,0,0,0,0,0,0,0,0,0,0,0,0,0,0,1,The Bronx,Bronxdale,-40244,"Burke Av 2, 5 subway",-73.867164,40.871356
206,0101000020E61000008FC6A17E177A52C028D6A9F23D6D4440,0,0,0,1,0,0,0,0,0,0,0,0,0,0,0,0,0,0,0,0,0,0,0,1,The Bronx,Mount Hope,-24412,Burnside Av 4 subway,-73.907684,40.853453
207,0101000020E61000000FEECEDAED7952C021C3CF2456574440,0,0,0,0,0,0,0,0,0,0,0,0,0,0,1,0,0,0,0,0,0,0,0,1,Brooklyn,Bushwick South,74487,Bushwick Av-Aberdeen St L subway,-73.9051425,40.6823164
208,0101000020E6100000E36DA5D7668052C032E4D87A865C4440,0,0,0,0,0,1,1,0,0,0,0,0,0,0,0,0,0,0,0,0,0,0,0,1,Manhattan,Hudson Sq,-29857,"Canal St 1, 2 subway",-74.006277,40.722854
209,0101000020E6100000C1E270E6578052C0312592E8655C4440,0,0,0,0,0,0,0,0,0,0,0,0,0,0,0,0,0,0,1,0,1,0,1,1,Manhattan,TriBeCa/Civic Center,-257298,"Canal St A, C, E subway",-74.005365,40.72186
210,0101000020E610000016C3D501108052C0DD5D6743FE5B4440,0,1,0,0,0,0,0,1,1,0,1,1,1,0,0,1,0,0,0,0,0,0,0,1,Manhattan,TriBeCa/Civic Center,180761,"Canal St J, N, Q, R, W, Z, 6 subway",-74.000977,40.718697
211,0101000020E6100000770FD07DB97952C00DC74ED3C2524440,0,0,0,0,0,0,0,0,0,0,0,0,0,0,1,0,0,0,0,0,0,0,0,1,Brooklyn,Canarsi,-126529,Canarsie-Rockaway Pkwy L subway,-73.9019465,40.6465706
212,0101000020E6100000D6CCB5C3BA7F52C0D22236B3F1564440,0,0,0,0,0,0,0,0,0,0,0,0,0,0,0,0,1,1,0,0,0,0,0,1,Brooklyn,Carroll Gardens,-109552,"Carroll St F, G subway",-73.9957742,40.6792511
213,0101000020E61000004E863EB37F7652C00AF1ED02CA6A4440,0,1,0,0,0,0,0,0,0,0,0,0,0,0,0,0,0,0,0,0,0,0,0,1,The Bronx,Westchester Village/Unionport,-74218,Castle Hill Av 6 subway,-73.8515442,40.8342899
214,0101000020E610000049641F64D97D52C03D9171D6F1664440,0,0,0,0,0,0,1,0,0,0,0,0,0,0,0,0,0,0,0,0,0,0,0,1,Manhattan,Morningside Heights,-120180,Cathedral Pkwy-110 St 1 subway,-73.9663935,40.8042553
215,0101000020E6100000A565A4DE537D52C0E1D4079277664440,0,0,0,0,0,0,0,0,0,0,0,0,0,0,0,0,0,0,0,0,1,1,1,1,Manhattan,Bloomingdale,-21745,"Cathedral Pkwy-110 St A, B, C subway",-73.958244,40.800524
216,0101000020E6100000255AF2785A7B52C07024D06053594440,0,0,0,0,0,0,0,0,0,0,0,0,0,1,0,0,0,0,0,0,0,0,0,1,Brooklyn,Bushwick South,16543,Central Av M subway,-73.927397,40.697857
217,0101000020E61000006F8FEF9CF77C52C05074B8B134664440,0,0,1,0,1,1,0,0,0,0,0,0,0,0,0,0,0,0,0,0,0,0,0,1,Manhattan,Central Harlem,-40801,"Central Park North-110 St 2, 3, 5 subway",-73.9526131,40.7984831
218,0101000020E61000005915E126A38052C0884B8E3BA55B4440,0,0,0,0,1,1,1,0,0,0,0,0,0,0,0,0,0,0,0,0,0,0,0,1,Manhattan,TriBeCa/Civic Center,-105795,"Chambers St 1, 2, 3 subway",-74.009958,40.71598
219,0101000020E6100000E0BBCD1BA78052C0515491651C5B4440,0,0,0,0,1,1,0,0,0,0,0,0,0,0,0,0,0,0,1,0,1,0,1,1,Manhattan,World Trade Center,-830460,"Chambers St A, C / WTC E / Park Place 2, 3 subway",-74.0101995,40.7118041
220,0101000020E61000009B1C3EE9447A52C06BD5AE0969574440,0,0,0,0,0,0,0,1,0,0,0,0,0,0,0,1,0,0,0,0,0,0,0,1,Brooklyn,Bushwick South,46785,"Chauncey St J, Z subway",-73.910456,40.682893
221,0101000020E6100000DA1B7C61328052C04BD2904CE25D4440,0,0,0,0,0,1,1,0,0,0,0,0,0,0,0,0,0,0,0,0,0,0,0,1,Manhattan,West Village,-56813,"Christopher St-Sheridan Sq 1, 2 subway",-74.003075,40.7334686
222,0101000020E61000005682C5E1CC7C52C0AF5A99F04B534440,0,0,1,0,0,1,0,0,0,0,0,0,0,0,0,0,0,0,0,0,0,0,0,1,Brooklyn,Erasmus,-42893,"Church Av 2, 5 subway",-73.950005,40.650755
223,0101000020E6100000DAD08371A67D52C0B8BE599423534440,0,0,0,0,0,0,0,0,0,0,0,1,0,0,0,0,0,0,0,0,0,1,0,1,Brooklyn,Flatbush/Ditmas Park,-268798,"Church Av B, Q subway",-73.9632839,40.6495233
224,0101000020E6100000B9B365AFAD7E52C0E1C50C9E53524440,0,0,0,0,0,0,0,0,0,0,0,0,0,0,0,0,1,1,0,0,0,0,0,1,Brooklyn,Kensington,-38408,"Church Av F, G subway",-73.9793509,40.6431768
225,0101000020E6100000B9C89816508052C0234DBC033C5B4440,0,0,0,0,0,0,0,0,1,0,1,0,1,0,0,0,0,0,0,0,0,0,0,1,Manhattan,TriBeCa/Civic Center,148927,"City Hall N, R, W subway",-74.0048882,40.712769
226,0101000020E610000059A7CAF78C7F52C0665AACF24E594440,0,0,0,0,1,1,0,0,0,0,0,0,0,0,0,0,0,0,0,0,0,0,0,1,Brooklyn,Brooklyn Heights,2876,"Clark St 2, 3 subway",-73.992979,40.6977218
227,0101000020E6100000BAF770C9717D52C0780C8FFD2C584440,0,0,0,0,0,0,0,0,0,0,0,0,0,0,0,0,1,0,0,0,0,0,0,1,Brooklyn,Clinton Hill,-22845,Classon Av G subway,-73.96007,40.688873
228,0101000020E61000000971E5EC9D7852C0B401D88008574440,0,0,0,0,0,0,0,0,0,0,0,0,0,0,0,1,0,0,0,0,0,0,0,1,Brooklyn,East New York,-15720,Cleveland St J subway,-73.884639,40.679947
229,0101000020E6100000CB30EE06D17D52C0C0B4A84F72574440,0,0,0,0,0,0,0,0,0,0,0,0,0,0,0,0,0,0,0,0,1,0,1,1,Brooklyn,Clinton Hill,92145,"Clinton-Washington Avs A, C subway",-73.965883,40.683176
230,0101000020E6100000D45FAFB0E07D52C061DEE34C13584440,0,0,0,0,0,0,0,0,0,0,0,0,0,0,0,0,1,0,0,0,0,0,0,1,Brooklyn,Clinton Hill,-59965,Clinton-Washington Avs G subway,-73.966839,40.688089
231,0101000020E6100000C8123180CB7E52C076018AECDE494440,0,0,0,0,0,0,0,0,0,0,0,1,1,0,0,0,0,1,0,1,0,0,0,1,Brooklyn,Coney Island,-106485,"Coney Island-Stillwell Av D, F, N, Q subway",-73.9811707,40.5771156
232,0101000020E61000002E7C3320B17D52C0C03C091115524440,0,0,0,0,0,0,0,0,0,0,0,1,0,0,0,0,0,0,0,0,0,0,0,1,Brooklyn,Flatbush/Ditmas Park,17110,Cortelyou Rd Q subway,-73.9639359,40.6412679
234,0101000020E610000047510C35AF8052C0A2A712AFFC5A4440,0,0,0,0,0,0,0,0,1,0,1,0,1,0,0,0,0,0,0,0,0,0,0,1,Manhattan,World Trade Center,1556504,"Cortlandt St N, R, W subway",-74.0106938,40.7108363
235,0101000020E610000003603C83867C52C05DF92CCF835F4440,1,0,0,0,0,0,0,0,0,0,0,0,0,1,0,0,1,0,1,0,0,0,0,1,Queens,Long Island City/Hunters Point,78380,"Court Sq E, G, M, 7 subway",-73.94571,40.74621
236,0101000020E610000076FEEDB25F7F52C07BDAE1AFC9584440,0,0,1,1,1,1,0,0,0,0,1,0,0,0,0,0,0,0,0,0,0,0,0,1,Brooklyn,Downtown Brooklyn/MetroTech,-279724,"Court St N, R / Borough Hall 2, 3, 4, 5 subway",-73.990216,40.693655
237,0101000020E61000004908FB1BD97752C0C167356E7B574440,0,0,0,0,0,0,0,1,0,0,0,0,0,0,0,1,0,0,0,0,0,0,0,1,Queens,Cypress Hills,-8997,"Crescent St J, Z subway",-73.8726263,40.6834543
238,0101000020E6100000CA71022EA37B52C04F8D3CB59F554440,0,0,0,1,1,0,0,0,0,0,0,0,0,0,0,0,0,0,0,0,0,0,0,1,Brooklyn,Crown Heights North,86062,"Crown Heights-Utica Av 3, 4 subway",-73.9318347,40.6689364
239,0101000020E6100000E84A04AA7F7A52C05A9F724C16674440,0,1,0,0,0,0,0,0,0,0,0,0,0,0,0,0,0,0,0,0,0,0,0,1,The Bronx,Mott Haven/Port Morris,37619,Cypress Av 6 subway,-73.914042,40.805368
240,0101000020E6100000FD87F4DBD77752C0B39597FC4F584440,0,0,0,0,0,0,0,0,0,0,0,0,0,0,0,1,0,0,0,0,0,0,0,1,Queens,Cypress Hills,9207,Cypress Hills J subway,-73.87255,40.689941
241,0101000020E6100000D34A2190CB7E52C0CD7344BE4B584440,0,0,0,0,0,0,0,0,0,0,1,1,1,0,0,0,0,0,0,1,0,1,0,1,Brooklyn,Fort Greene,266941,"DeKalb Av B, D, N, Q, R subway",-73.9811745,40.6898115
242,0101000020E61000000BB5A679C77A52C054C8957A165A4440,0,0,0,0,0,0,0,0,0,0,0,0,0,0,1,0,0,0,0,0,0,0,0,1,Brooklyn,Bushwick North,78538,DeKalb Av L subway,-73.918425,40.703811
243,0101000020E61000000328A14F3F7F52C035DF77C2015C4440,0,0,0,0,0,0,0,1,0,0,0,0,0,1,0,1,0,1,0,0,0,0,0,1,Manhattan,Lower East Side,231126,"Delancey St F / Essex St J, M, Z subway",-73.9882392,40.7188037
244,0101000020E6100000EC4905BA9B7E52C00F10278B56514440,0,0,0,0,0,0,0,0,0,0,0,0,0,0,0,0,0,1,0,0,0,0,0,1,Brooklyn,Borough Park,21239,Ditmas Av F subway,-73.9782548,40.6354536
245,0101000020E610000014FAAAA6357B52C0573728AB336E4440,0,0,0,0,0,0,1,0,0,0,0,0,0,0,0,0,0,0,0,0,0,0,0,1,Manhattan,Washington Heights North,92178,Dyckman St 1 subway,-73.9251496,40.8609518
246,0101000020E6100000FCC6D79E597B52C0946A9F8EC76E4440,0,0,0,0,0,0,0,0,0,0,0,0,0,0,0,0,0,0,0,0,0,0,1,1,Manhattan,Washington Heights North,-108883,Dyckman St A subway,-73.927345,40.865465
247,0101000020E6100000868F8829917952C08F54DFF945534440,0,0,0,0,0,0,0,0,0,0,0,0,0,0,1,0,0,0,0,0,0,0,0,1,Brooklyn,East New York,13734,East 105 St L subway,-73.899485,40.650573
248,0101000020E61000001E56139F167A52C0B7DF90FC77674440,0,1,0,0,0,0,0,0,0,0,0,0,0,0,0,0,0,0,0,0,0,0,0,1,The Bronx,Mott Haven/Port Morris,14924,East 143 St-St Mary's St 6 subway,-73.9076307,40.8083492
249,0101000020E610000077BF0AF0DD7952C0AEBCE47FF2674440,0,1,0,0,0,0,0,0,0,0,0,0,0,0,0,0,0,0,0,0,0,0,0,1,The Bronx,Mott Haven/Port Morris,39705,East 149 St 6 subway,-73.904171,40.812088
250,0101000020E61000004E97C5C4E67752C072A02C21C46B4440,0,0,1,0,0,1,0,0,0,0,0,0,0,0,0,0,0,0,0,0,0,0,0,1,The Bronx,East Tremont,150591,"East 180 St 2, 5 subway",-73.87346,40.8419229
251,0101000020E610000084EC61D45A7F52C073D5E18D715B4440,0,0,0,0,0,0,0,0,0,0,0,0,0,0,0,0,0,1,0,0,0,0,0,1,Manhattan,Two Bridges/Seward Park,176077,East Broadway F subway,-73.9899188,40.7144029
252,0101000020E6100000E9995E622C7552C0B6847CD0B3714440,0,0,1,0,0,0,0,0,0,0,0,0,0,0,0,0,0,0,0,0,0,0,0,1,The Bronx,Eastchester,-36712,Eastchester-Dyre Av 5 subway,-73.830834,40.8883
253,0101000020E6100000D277126CB77D52C0B4F85E8DFD554440,0,0,0,0,1,1,0,0,0,0,0,0,0,0,0,0,0,0,0,0,0,0,0,1,Brooklyn,Prospect Park,-91611,"Eastern Pkwy-Brooklyn Museum 2, 3 subway",-73.9643202,40.6718003
254,0101000020E61000006CFAFDAC437852C0F20698F90E6A4440,0,1,0,0,0,0,0,0,0,0,0,0,0,0,0,0,0,0,0,0,0,0,0,1,Queens,Soundview/Bruckner,36950,Elder Av 6 subway,-73.8791306,40.828582
255,0101000020E61000001CDC8C89837852C03D02C985145F4440,0,0,0,0,0,0,0,0,0,0,1,0,0,1,0,0,0,0,1,0,0,0,0,1,Queens,Elmhurst,-81967,"Elmhurst Av E, M, R subway",-73.8830284,40.7428138
256,0101000020E61000004E29AF95D07752C03CBCE7C072564440,0,0,0,0,0,0,0,0,0,0,0,0,0,0,0,0,0,0,0,0,1,0,1,1,Brooklyn,East New York,-51473,"Euclid Av A, C subway",-73.872106,40.675377
257,0101000020E6100000088F368E587052C048F949B54F4D4440,0,0,0,0,0,0,0,0,0,0,0,0,0,0,0,0,0,0,0,0,0,0,1,1,Brooklyn,Far Rockaway,-4294,Far Rockaway-Mott Av A subway,-73.755405,40.603995
258,0101000020E61000003A94A12AA67C52C0A0DD21C500514440,0,0,1,0,0,1,0,0,0,0,0,0,0,0,0,0,0,0,0,0,0,0,0,1,Brooklyn,Flatbush/Ditmas Park,-166078,"Flatbush Av-Brooklyn College 2, 5 subway",-73.947642,40.632836
259,0101000020E61000005A3629BBCF7C52C09A3A34D18C594440,0,0,0,0,0,0,0,0,0,0,0,0,0,0,0,0,1,0,0,0,0,0,0,1,Brooklyn,Bedford,10466,Flushing Av G subway,-73.9501789,40.6996099
260,0101000020E6100000AB05F698487C52C022895E46B1594440,0,0,0,0,0,0,0,0,0,0,0,0,0,1,0,1,0,0,0,0,0,0,0,1,Brooklyn,East Williamsburg,-97041,"Flushing Av J, M subway",-73.941931,40.7007225
261,0101000020E6100000A4CDCC27067552C06E991DF34B614440,1,0,0,0,0,0,0,0,0,0,0,0,0,0,0,0,0,0,0,0,0,0,0,1,Queens,Flushing,175488,Flushing-Main St 7 subway,-73.8285007,40.7601303
262,0101000020E6100000AEE06D94AB7952C0E202D0285D6E4440,0,0,0,1,0,0,0,0,0,0,0,0,0,0,0,0,0,0,0,0,0,0,0,1,The Bronx,Fordham South,-33957,Fordham Rd 4 subway,-73.9010974,40.862218
263,0101000020E610000064CA87A06A7952C068CEFA94636E4440,0,0,0,0,0,0,0,0,0,0,0,0,0,0,0,0,0,0,0,1,0,1,0,1,The Bronx,Bedford Park,-14360,"Fordham Rd B, D subway",-73.897133,40.862414
264,0101000020E610000044317903CC7952C06DC669882A5A4440,0,0,0,0,0,0,0,0,0,0,0,0,0,1,0,0,0,0,0,0,0,0,0,1,Queens,Ridgewood,-993,Forest Av M subway,-73.903077,40.704423
265,0101000020E610000033F0EDA7107652C04F4F690E5A5C4440,0,0,0,0,0,0,0,0,0,0,1,0,0,1,0,0,0,1,1,0,0,0,0,1,Queens,Forest Hills,-73451,"Forest Hills-71 Av E, F, M, R subway",-73.8447666,40.7214983
266,0101000020E61000001DC9E53FA47F52C00B46257502524440,0,0,0,0,0,0,0,0,0,0,0,0,0,0,0,0,0,0,0,1,0,0,0,1,Brooklyn,Sunset Park East,51978,Fort Hamilton Pkwy D subway,-73.9944,40.6407
267,0101000020E6100000FB3F87F9727E52C0CC3E34982B534440,0,0,0,0,0,0,0,0,0,0,0,0,0,0,0,0,1,1,0,0,0,0,0,1,Brooklyn,Windsor Terrace,53162,"Fort Hamilton Pkwy F, G subway",-73.9757675,40.6497679
268,0101000020E6100000E7012CF26B8052C023B08394E9504440,0,0,0,0,0,0,0,0,0,0,0,0,1,0,0,0,0,0,0,0,0,0,0,1,Brooklyn,Borough Park,-1609977,Fort Hamilton Pkwy N subway,-74.0065885,40.6321283
269,0101000020E6100000A3AF20CD587D52C0A208A9DBD9554440,0,0,1,1,1,1,0,0,0,1,0,0,0,0,0,0,0,0,0,0,0,0,0,1,Brooklyn,Crown Heights South,-89054,"Franklin Av 2, 3, 4, 5 / Botanic Garden S subway",-73.958545,40.670711
270,0101000020E6100000377F5D972B7D52C04177932930574440,0,0,0,0,0,0,0,0,0,1,0,0,0,0,0,0,0,0,0,0,1,0,1,1,Brooklyn,Clinton Hill,-81471,"Franklin Av A, C, S subway",-73.9557856,40.6811573
271,0101000020E61000009CC420B0728052C079E92631085C4440,0,0,0,0,0,0,1,0,0,0,0,0,0,0,0,0,0,0,0,0,0,0,0,1,Manhattan,TriBeCa/Civic Center,50849,Franklin St 1 subway,-74.007,40.719
272,0101000020E61000006DB713DB137952C0A389C10D426A4440,0,0,1,0,0,1,0,0,0,0,0,0,0,0,0,0,0,0,0,0,0,0,0,1,Queens,Morrisania/Melrose,95691,"Freeman St 2, 5 subway",-73.8918369,40.8301408
273,0101000020E61000002816AEFD537952C0AD9C627A675A4440,0,0,0,0,0,0,0,0,0,0,0,0,0,1,0,0,0,0,0,0,0,0,0,1,Queens,Ridgewood,25460,Fresh Pond Rd M subway,-73.8957514,40.7062829
274,0101000020E6100000A2ADEF68888052C02CD505BCCC5A4440,0,0,1,1,1,1,0,1,0,0,0,0,0,0,0,1,0,0,0,0,1,0,1,1,Manhattan,Financial District North,3491253,"Fulton St A, C, J, Z, 2, 3, 4, 5 subway",-74.0083258,40.709373
275,0101000020E610000009FA0B3D627E52C032207BBDFB574440,0,0,0,0,0,0,0,0,0,0,0,0,0,0,0,0,1,0,0,0,0,0,0,1,Brooklyn,Fort Greene,-3423,Fulton St G subway,-73.974746,40.68737
276,0101000020E61000003E05C078067B52C0952BBCCB45584440,0,0,0,0,0,0,0,1,0,0,0,0,0,0,0,1,0,0,0,0,0,0,0,1,Brooklyn,Bushwick South,16923,"Gates Av J, Z subway",-73.92227,40.68963
277,0101000020E61000005680EF366F7C52C0F267D36C795B4440,0,0,0,0,0,0,0,0,0,0,0,0,0,0,1,0,0,0,0,0,0,0,0,1,Brooklyn,East Williamsburg,30879,Graham Av L subway,-73.944288,40.7146431
278,0101000020E6100000A7CCCD37227E52C0A0E238F06A564440,0,0,0,0,1,1,0,0,0,0,0,0,0,0,0,0,0,0,0,0,0,0,0,1,Brooklyn,Park Slope,-7959,"Grand Army Plaza 2, 3 subway",-73.9708385,40.6751385
279,0101000020E6100000117AEC1D247852C081E8EEDF615E4440,0,0,0,0,0,0,0,0,0,0,1,0,0,1,0,0,0,0,1,0,0,0,0,1,Queens,Elmhurst,61264,"Grand Av-Newtown E, M, R subway",-73.8772044,40.7373619
280,0101000020E6100000DC9F8B868C7E52C08D4BB09355604440,1,1,1,1,0,0,0,0,0,1,0,0,0,0,0,0,0,0,0,0,0,0,0,1,Manhattan,Midtown East,-616055,"Grand Central-42 St S, 4, 5, 6, 7 subway",-73.977327,40.7526116
281,0101000020E6100000A76730FC967F52C0B65DB23BEE5B4440,0,0,0,0,0,0,0,0,0,0,0,0,0,0,0,0,0,0,0,1,0,1,0,1,Manhattan,Lower East Side,-68359,"Grand St B, D subway",-73.9935904,40.7182078
282,0101000020E6100000F7CC9200357C52C0C0E95DBC1F5B4440,0,0,0,0,0,0,0,0,0,0,0,0,0,0,1,0,1,0,0,0,0,0,0,1,Brooklyn,East Williamsburg,-68629,Grand St L subway,-73.940735,40.711906
283,0101000020E6100000B69F8CF1617752C01163E30BA4564440,0,0,0,0,0,0,0,0,0,0,0,0,0,0,0,0,0,0,0,0,0,0,1,1,Brooklyn,Cypress Hills,85916,Grant Av A subway,-73.865353,40.6768813
284,0101000020E6100000280351410F7D52C0AC6B5963755D4440,0,0,0,0,0,0,0,0,0,0,0,0,0,0,0,0,1,0,0,0,0,0,0,1,Brooklyn,Greenpoint,48731,Greenpoint Av G subway,-73.9540561,40.7301449
285,0101000020E610000043514596717752C001E0336D5A704440,0,0,1,0,0,1,0,0,0,0,0,0,0,0,0,0,0,0,0,0,0,0,0,1,The Bronx,Williamsbridge/Olinville,24259,"Gun Hill Rd 2, 5 subway",-73.8663078,40.8777596
286,0101000020E6100000961B5602737752C06AF1CE4653704440,0,0,1,0,0,0,0,0,0,0,0,0,0,0,0,0,0,0,0,0,0,0,0,1,The Bronx,Williamsbridge/Olinville,-20851,Gun Hill Rd 5 subway,-73.8663946,40.8775414
287,0101000020E6100000574513839B7A52C07EB38300CF574440,0,0,0,0,0,0,0,0,0,0,0,0,0,0,0,1,0,0,0,0,0,0,0,1,Brooklyn,Bushwick South,17667,Halsey St J subway,-73.9157417,40.6860047
288,0101000020E6100000FD6BD49EED7952C03DC0498913594440,0,0,0,0,0,0,0,0,0,0,0,0,0,0,1,0,0,0,0,0,0,0,0,1,Brooklyn,Bushwick North,163883,Halsey St L subway,-73.9051282,40.6959087
289,0101000020E610000040F7E5CCF67B52C0BB20C77B7A694440,0,0,0,0,1,0,0,0,0,0,0,0,0,0,0,0,0,0,0,0,0,0,0,1,Manhattan,Central Harlem North,-49503,Harlem-148 St 3 subway,-73.9369385,40.8240504
290,0101000020E6100000CC7A3194137D52C04A0C022B875A4440,0,0,0,0,0,0,0,0,0,0,0,0,0,1,0,1,0,0,0,0,0,0,0,1,Brooklyn,Williamsburg (South Side),-68200,"Hewes St J, M subway",-73.95432,40.70725
291,0101000020E610000076788E1C977F52C0329C210B87594440,0,0,0,0,0,0,0,0,0,0,0,0,0,0,0,0,0,0,0,0,1,0,1,1,Brooklyn,Brooklyn Heights,-120646,"High St A, C subway",-73.993598117,40.6994337
292,0101000020E6100000925ED4EE578052C0C0232A54375D4440,0,0,0,0,0,1,1,0,0,0,0,0,0,0,0,0,0,0,0,0,0,0,0,1,Manhattan,Hudson Sq,-1416,"Houston St 1, 2 subway",-74.005367,40.728251
293,0101000020E61000008335CEA6237552C07EE5417A8A544440,0,0,0,0,0,0,0,0,0,0,0,0,0,0,0,0,0,0,0,0,0,0,1,1,Brooklyn,JFK Airport,-29749,Howard Beach-JFK Airport A subway,-73.830301,40.660476
294,0101000020E6100000CBDB114E0B7F52C04AB54FC763584440,0,0,0,0,1,1,0,0,0,0,0,0,0,0,0,0,0,0,0,0,0,0,0,1,Brooklyn,Boerum Hill,106109,"Hoyt St 2, 3 subway",-73.985065,40.690545
295,0101000020E610000004B7A4590F7F52C04F65074B2B584440,0,0,0,0,0,0,0,0,0,0,0,0,0,0,0,0,1,0,0,0,1,0,1,1,Brooklyn,Boerum Hill,44096,"Hoyt-Schermerhorn Sts A, C, G subway",-73.9853119,40.6888212
296,0101000020E61000008F5F2E98AE7C52C0C7FC378A075F4440,1,0,0,0,0,0,0,0,0,0,0,0,0,0,0,0,0,0,0,0,0,0,0,1,Queens,Long Island City/Hunters Point,145233,Hunters Point Av 7 subway,-73.9481564,40.7424176
297,0101000020E6100000315F5E80FD7852C063748A9F10694440,0,1,0,0,0,0,0,0,0,0,0,0,0,0,0,0,0,0,0,0,0,0,0,1,The Bronx,Hunts Point,-35978,Hunts Point Av 6 subway,-73.8904725,40.8208198
299,0101000020E61000003B3D4A80F57A52C000DEA74F176F4440,0,0,0,0,0,0,0,0,0,0,0,0,0,0,0,0,0,0,0,0,0,0,1,1,Manhattan,Inwood,-164016,Inwood-207 St A subway,-73.9212342,40.8678989
300,0101000020E6100000E5B4A7E41C7A52C05689682A7A684440,0,0,1,0,0,1,0,0,0,0,0,0,0,0,0,0,0,0,0,0,0,0,0,1,The Bronx,Melrose South,70555,"Jackson Av 2, 5 subway",-73.9080135,40.8162282
301,0101000020E610000061270692417352C0A5C7A5E0DF594440,0,0,0,0,0,0,0,1,0,0,0,0,0,0,0,1,0,0,1,0,0,0,0,1,Queens,Jamaica,-152063,"Jamaica Center-Parsons-Archer E, J, Z subway",-73.8008771,40.7021447
302,0101000020E61000002043C70E2A7252C007D0EFFB375B4440,0,0,0,0,0,0,0,0,0,0,0,0,0,0,0,0,0,1,0,0,0,0,0,1,Queens,Jamaica,-115819,Jamaica-179 St F subway,-73.783817,40.712646
303,0101000020E61000007F5D972B4D7452C0316DEE9EF2594440,0,0,0,0,0,0,0,0,0,0,0,0,0,0,0,0,0,0,1,0,0,0,0,1,Queens,Kew Gardens,-8300,Jamaica-Van Wyck E subway,-73.8172101,40.7027167
304,0101000020E6100000D0EFFB372F7F52C0F04284C99E584440,0,0,0,0,0,0,0,0,0,0,1,0,1,0,0,0,0,1,0,0,1,0,1,1,Brooklyn,Downtown Brooklyn/MetroTech,326123,"Jay St-MetroTech A, C, F, N, R subway",-73.987257,40.6923458
305,0101000020E6100000F861CE7D037B52C04270A653685A4440,0,0,0,0,0,0,0,0,0,0,0,0,0,0,1,0,0,0,0,0,0,0,0,1,Brooklyn,Bushwick North,49213,Jefferson St L subway,-73.9220881,40.7063088
306,0101000020E6100000062E8F35A37752C0558847E2E55F4440,1,0,0,0,0,0,0,0,0,0,0,0,0,0,0,0,0,0,0,0,0,0,0,1,Queens,North Corona,185477,Junction Blvd 7 subway,-73.8693365,40.749203
307,0101000020E6100000E4D70FB1C17952C0E5B33C0FEE544440,0,0,0,0,1,0,0,0,0,0,0,0,0,0,0,0,0,0,0,0,0,0,0,1,Brooklyn,Brownsville,-246300,Junius St 3 subway,-73.902447,40.663515
308,0101000020E6100000F09EA8111F7552C03CFB253D675B4440,0,0,0,0,0,0,0,0,0,0,0,0,0,0,0,0,0,1,1,0,0,0,0,1,Queens,Kew Gardens,-245120,"Kew Gardens-Union Turnpike E, F subway",-73.8300213,40.7140881
309,0101000020E610000026E71FD84C7D52C08933750DE94D4440,0,0,0,0,0,0,0,0,0,0,0,1,0,0,0,0,0,0,0,0,0,1,0,1,Brooklyn,Madison,109439,"Kings Hwy B, Q subway",-73.9578152,40.6086747
310,0101000020E61000009DC887314D7E52C01CB1BBE58F4D4440,0,0,0,0,0,0,0,0,0,0,0,0,0,0,0,0,0,1,0,0,0,0,0,1,Brooklyn,Bensonhurst East,196113,Kings Hwy F subway,-73.973461516,40.6059539
311,0101000020E6100000FE58B18D927E52C0138DA4935B4D4440,0,0,0,0,0,0,0,0,0,0,0,0,1,0,0,0,0,0,0,0,0,0,0,1,Brooklyn,Bensonhurst East,-1234352,Kings Hwy N subway,-73.977694915,40.6043572
312,0101000020E6100000A06B5F402F7952C0FE2C9622F96E4440,0,0,0,1,0,0,0,0,0,0,0,0,0,0,0,0,0,0,0,0,0,0,0,1,The Bronx,Bedford Park,-45527,Kingsbridge Rd 4 subway,-73.893509,40.866978
313,0101000020E610000002E8418B367952C06376BB03E16E4440,0,0,0,0,0,0,0,0,0,0,0,0,0,0,0,0,0,0,0,1,0,1,0,1,The Bronx,Bedford Park,35294,"Kingsbridge Rd B, D subway",-73.8939541,40.8662419
314,0101000020E6100000D135DDFC507C52C0C6C61748AB554440,0,0,0,0,1,0,0,0,0,0,0,0,0,0,0,0,0,0,0,0,0,0,0,1,Brooklyn,Crown Heights North,-12566,Kingston Av 3 subway,-73.9424431,40.6692896
315,0101000020E6100000850B7904377C52C08B6EBDA607574440,0,0,0,0,0,0,0,0,0,0,0,0,0,0,0,0,0,0,0,0,1,0,1,1,Brooklyn,Crown Heights North,39230,"Kingston-Throop Avs A, C subway",-73.940858,40.679921
316,0101000020E610000060B1868BDC7A52C03F726BD26D594440,0,0,0,0,0,0,0,0,0,0,0,0,0,1,0,0,0,0,0,0,0,0,0,1,Brooklyn,Bushwick North,413,Knickerbocker Av M subway,-73.919711,40.698664
317,0101000020E6100000498446B0717B52C0BC783F6EBF584440,0,0,0,0,0,0,0,0,0,0,0,0,0,0,0,1,0,0,0,0,0,0,0,1,Brooklyn,Stuyvesant Heights,67925,Kosciuszko St J subway,-73.928814,40.693342
318,0101000020E6100000C6D56DF5417E52C028806264C9574440,0,0,0,0,0,0,0,0,0,0,0,0,0,0,0,0,0,0,0,0,1,0,1,1,Brooklyn,Fort Greene,8210,"Lafayette Av A, C subway",-73.9727758,40.6858335
319,0101000020E61000000D9AA784F17D52C05C5E1498A9614440,0,1,1,1,0,0,0,0,1,0,1,0,1,0,0,0,0,0,0,0,0,0,0,1,Manhattan,Upper East Side South,-407157,"Lexington Av N, R, W subway / 59 St 4, 5, 6 subway",-73.9678661,40.7629881
320,0101000020E6100000B5DD04DF347E52C042CF66D5E7604440,0,1,0,0,0,0,0,0,0,0,0,0,0,1,0,0,0,0,1,0,0,0,0,1,Manhattan,Midtown East,-550518,"Lexington Av-53 St E, M / 51 St 6 subway",-73.971977,40.757075
321,0101000020E610000064CF9ECBD47D52C05E49F25CDF614440,0,0,0,0,0,0,0,0,0,0,0,1,0,0,0,0,0,1,0,0,0,0,0,1,Manhattan,Upper East Side South,315791,"Lexington Av-63 St F, Q subway",-73.966113,40.764629
322,0101000020E6100000520E6613607952C0126A865451564440,0,0,0,0,0,0,0,0,0,0,0,0,0,0,0,0,0,0,0,0,1,0,1,1,Brooklyn,East New York/Pennsylvania Avenue,62272,"Liberty Av A, C subway",-73.896489,40.674357
323,0101000020E6100000772E8CF4A27952C08FA67A32FF544440,0,0,0,0,0,0,0,0,0,0,0,0,0,0,1,0,0,0,0,0,0,0,0,1,Brooklyn,Brownsville,44071,Livonia Av L subway,-73.900571,40.664038
324,0101000020E61000003C6876DD5B7952C0DE3829CC7B684440,0,1,0,0,0,0,0,0,0,0,0,0,0,0,0,0,0,0,0,0,0,0,0,1,The Bronx,Longwood,-7451,Longwood Av 6 subway,-73.896232,40.816278
325,0101000020E61000006BA05456AE7C52C0D43B269C275A4440,0,0,0,0,0,0,0,0,0,0,0,0,0,1,0,1,0,0,0,0,0,0,0,1,Brooklyn,East Williamsburg,-18328,"Lorimer St J, M subway",-73.9481407,40.7043338
326,0101000020E610000038633D5AC17C52C0887258D06A5B4440,0,0,0,0,0,0,0,0,0,0,0,0,0,0,1,0,1,0,0,0,0,0,0,1,Brooklyn,East Williamsburg,-81843,Lorimer St L / Metropolitan Av G subway,-73.9493013,40.7141972
327,0101000020E6100000C478CDAB3A7A52C0B4AD669DF16F4440,0,0,0,0,0,0,1,0,0,0,0,0,0,0,0,0,0,0,0,0,0,0,0,1,The Bronx,Marble Hill,-32963,Marble Hill-225 St 1 subway,-73.909831,40.874561
328,0101000020E6100000F65C4B6D4E7D52C0BD337FF1B15A4440,0,0,0,0,0,0,0,1,0,0,0,0,0,1,0,1,0,0,0,0,0,0,0,1,Brooklyn,Williamsburg (South Side),67566,"Marcy Av J, M, Z subway",-73.9579118,40.7085554
329,0101000020E6100000A288FB7E207652C0E1A183899A604440,1,0,0,0,0,0,0,0,0,0,0,0,0,0,0,0,0,0,0,0,0,0,0,1,Queens,Flushing Meadows-Corona Park,-116516,Mets-Willets Point 7 subway,-73.8457334,40.7547161
330,0101000020E61000008847E2E5E97852C0C274102A275B4440,0,0,0,0,0,0,0,0,0,0,0,0,0,1,0,0,0,0,0,0,0,0,0,1,Queens,Ridgewood,3802,Middle Village-Metropolitan Av M subway,-73.889276,40.7121327
331,0101000020E6100000BB99D18F867552C0E6F3401A046C4440,0,1,0,0,0,0,0,0,0,0,0,0,0,0,0,0,0,0,0,0,0,0,0,1,The Bronx,Pelham Bay,-197315,Middletown Rd 6 subway,-73.836338,40.8438752
332,0101000020E610000052499D80267C52C0478D0931975A4440,0,0,0,0,0,0,0,0,0,0,0,0,0,0,1,0,0,0,0,0,0,0,0,1,Brooklyn,Bushwick South,3824,Montrose Av L subway,-73.93985,40.707739
333,0101000020E6100000AF7C96E7C17B52C0347FF1B1605A4440,0,0,0,0,0,0,0,0,0,0,0,0,0,0,1,0,0,0,0,0,0,0,0,1,Brooklyn,Bushwick South,160894,Morgan Av L subway,-73.93371,40.7060759
334,0101000020E6100000C7D79E59127752C09B70AFCC5B6D4440,0,0,1,0,0,0,0,0,0,0,0,0,0,0,0,0,0,0,0,0,0,0,0,1,The Bronx,Pelham Parkway,48617,Morris Park 5 subway,-73.860495,40.854364
335,0101000020E6100000DA250571F97752C04E2B85402E6A4440,0,1,0,0,0,0,0,0,0,0,0,0,0,0,0,0,0,0,0,0,0,0,0,1,Queens,Soundview/Bruckner,38717,Morrison Av-Soundview 6 subway,-73.8745997,40.8295365
336,0101000020E61000008B4F01309E7852C0F853E3A59B704440,0,0,0,1,0,0,0,0,0,0,0,0,0,0,0,0,0,0,0,0,0,0,0,1,The Bronx,Norwood,-55081,Mosholu Pkwy 4 subway,-73.884655,40.87975
337,0101000020E61000001349F4328A7A52C0B3D0CE69166C4440,0,0,0,1,0,0,0,0,0,0,0,0,0,0,0,0,0,0,0,0,0,0,0,1,The Bronx,Mount Hope,-19653,Mt Eden Av 4 subway,-73.914685,40.844434
338,0101000020E61000005727C2E1E07B52C096D28E7637594440,0,0,0,0,0,0,0,1,0,0,0,0,0,1,0,1,0,0,0,0,0,0,0,1,Brooklyn,Stuyvesant Heights,77094,"Myrtle Av J, M, Z subway",-73.9356007,40.6970051
339,0101000020E6100000829A1029BC7C52C0AA8DA0E705594440,0,0,0,0,0,0,0,0,0,0,0,0,0,0,0,0,1,0,0,0,0,0,0,1,Brooklyn,Bedford,11381,Myrtle-Willoughby Avs G subway,-73.9489844,40.6954927
340,0101000020E6100000AAD788BB557A52C0702B18F08D594440,0,0,0,0,0,0,0,0,0,0,0,0,0,1,1,0,0,0,0,0,0,0,0,1,Brooklyn,Bushwick North,66823,"Myrtle-Wyckoff Avs L, M subway",-73.9114827,40.6996441
341,0101000020E610000050A0F42AD77C52C0D951E630A95C4440,0,0,0,0,0,0,0,0,0,0,0,0,0,0,0,0,1,0,0,0,0,0,0,1,Brooklyn,Greenpoint,-64106,Nassau Av G subway,-73.9506328,40.7239133
342,0101000020E61000008A5A9A5B217D52C094895B05314C4440,0,0,0,0,0,0,0,0,0,0,0,1,0,0,0,0,0,0,0,0,0,0,0,1,Brooklyn,Sheepshead Bay,30820,Neck Rd Q subway,-73.955161,40.595246
343,0101000020E61000000B62A06B5F7E52C0E1CE85915E4A4440,0,0,0,0,0,0,0,0,0,0,0,0,0,0,0,0,0,1,0,0,0,0,0,1,Brooklyn,Coney Island,-17445,Neptune Av F subway,-73.974574,40.581011
344,0101000020E610000012E8C030D87652C0079B9548FD724440,0,0,1,0,0,1,0,0,0,0,0,0,0,0,0,0,0,0,0,0,0,0,0,1,The Bronx,Woodlawn/Wakefield,-31645,"Nereid Av 2, 5 subway",-73.8569452175,40.8983546
345,0101000020E6100000567F8461C07E52C029CDE67118584440,0,0,1,1,1,1,0,0,0,0,0,0,0,0,0,0,0,0,0,0,0,0,0,1,Brooklyn,Boerum Hill,-89880,"Nevins St 2, 3, 4, 5 subway",-73.980492,40.688246
346,0101000020E61000002CBCCB457C7852C0505260014C554440,0,0,0,0,1,0,0,0,0,0,0,0,0,0,0,0,0,0,0,0,0,0,0,1,Brooklyn,East New York,-90015,New Lots Av 3 subway,-73.882585,40.666382
347,0101000020E6100000EDC2C5408D7952C057A87F5A56544440,0,0,0,0,0,0,0,0,0,0,0,0,0,0,1,0,0,0,0,0,0,0,0,1,Brooklyn,Brownsville,49666,New Lots Av L subway,-73.8992464,40.6588853
348,0101000020E61000009E62D520CC7F52C043C5387F13504440,0,0,0,0,0,0,0,0,0,0,0,0,1,0,0,0,0,0,0,1,0,0,0,1,Brooklyn,Bensonhurst West,-72928,New Utrecht Av N subway / 62 St D subway,-73.996834,40.625595
349,0101000020E61000003E48AA4AB67C52C018ACDD1BE8514440,0,0,1,0,0,1,0,0,0,0,0,0,0,0,0,0,0,0,0,0,0,0,0,1,Brooklyn,Erasmus,-80736,"Newkirk Av 2, 5 subway",-73.9486262,40.6398959
350,0101000020E61000004A777C209E7D52C00685419946514440,0,0,0,0,0,0,0,0,0,0,0,1,0,0,0,0,0,0,0,0,0,1,0,1,Brooklyn,Flatbush/Ditmas Park,-117159,"Newkirk Plaza B, Q subway",-73.9627763,40.634967
351,0101000020E61000002E6A9CF20D7A52C0BA7E66B565604440,0,0,0,0,0,0,0,0,0,0,1,0,0,1,0,0,0,0,1,0,0,0,0,1,Queens,Woodside,-18196,"Northern Blvd E, M, R subway",-73.9071013,40.7531039
352,0101000020E6100000170D198F527852C06C95607138574440,0,0,0,0,0,0,0,1,0,0,0,0,0,0,0,1,0,0,0,0,0,0,0,1,Queens,Cypress Hills,-12616,"Norwood Av J, Z subway",-73.880039,40.68141
353,0101000020E61000000F379666297852C030EEAB17E86F4440,0,0,0,0,0,0,0,0,0,0,0,0,0,0,0,0,0,0,0,1,0,0,0,1,The Bronx,Norwood,55860,Norwood-205 St D subway,-73.8775269,40.8742704
354,0101000020E6100000698CD651D57C52C02F6EA301BC554440,0,0,0,0,1,0,0,0,0,0,0,0,0,0,0,0,0,0,0,0,0,0,0,1,Brooklyn,Crown Heights South,-27214,Nostrand Av 3 subway,-73.95052,40.6698
355,0101000020E61000003A36A737C87C52C074B4AA251D574440,0,0,0,0,0,0,0,0,0,0,0,0,0,0,0,0,0,0,0,0,1,0,1,1,Brooklyn,Bedford,99495,"Nostrand Av A, C subway",-73.9497203,40.680577
356,0101000020E61000002C499EEBFB7D52C06C257497C4494440,0,0,0,0,0,0,0,0,0,0,0,1,0,0,0,0,0,0,0,0,0,0,0,1,Brooklyn,Brighton Beach,-5757,Ocean Pkwy Q subway,-73.968501,40.576312
357,0101000020E6100000550F3DCED97452C015DBEE2FCC574440,0,0,0,0,0,0,0,0,0,0,0,0,0,0,0,0,0,0,0,0,0,0,1,1,Queens,South Ozone Park,127226,Ozone Park-Lefferts Blvd A subway,-73.8257938,40.6859188
358,0101000020E610000057772CB6497D52C0D520CCED5E564440,0,0,0,0,0,0,0,0,0,1,0,0,0,0,0,0,0,0,0,0,0,0,0,1,Brooklyn,Crown Heights North,-26736,Park Pl S subway,-73.957624,40.674772
359,0101000020E61000005E81E849197752C0B062A70EA86A4440,0,1,0,0,0,0,0,0,0,0,0,0,0,0,0,0,0,0,0,0,0,0,0,1,Queens,Soundview/Bruckner,-23058,Parkchester 6 subway,-73.8609185,40.8332537
360,0101000020E61000001F115322897D52C04CAAB69BE0534440,0,0,0,0,0,0,0,0,0,0,0,1,0,0,0,0,0,0,0,0,0,0,0,1,Brooklyn,Prospect-Lefferts Gardens,91149,Parkside Av Q subway,-73.961495,40.655292
361,0101000020E6100000DA1CE736617352C052407F468E5A4440,0,0,0,0,0,0,0,0,0,0,0,0,0,0,0,0,0,1,0,0,0,0,0,1,Queens,Briarwood/Jamaica Hills,-30965,Parsons Blvd F subway,-73.8028085,40.7074669
362,0101000020E610000026B73709EF7452C05A97BFE72C6D4440,0,1,0,0,0,0,0,0,0,0,0,0,0,0,0,0,0,0,0,0,0,0,0,1,The Bronx,Pelham Bay Park,-128964,Pelham Bay Park 6 subway,-73.8270896,40.8529329
363,0101000020E6100000643BDF4F8D7752C004560E2DB26D4440,0,0,1,0,0,1,0,0,0,0,0,0,0,0,0,0,0,0,0,0,0,0,0,1,The Bronx,Pelham Parkway,-110601,"Pelham Pkwy 2, 5 subway",-73.868,40.857
364,0101000020E6100000FDC3F1D7BF7652C0036B8B21EF6D4440,0,0,1,0,0,0,0,0,0,0,0,0,0,0,0,0,0,0,0,0,0,0,0,1,The Bronx,Allerton/Pelham Gardens,2647,Pelham Pkwy 5 subway,-73.8554592,40.8588602
365,0101000020E6100000A796ADF5457952C073637AC212554440,0,0,0,0,1,0,0,0,0,0,0,0,0,0,0,0,0,0,0,0,0,0,0,1,Brooklyn,East New York/Pennsylvania Avenue,-1358297,Pennsylvania Av 3 subway,-73.894895,40.664635
366,0101000020E61000003E7782FDD77C52C0F646AD307D554440,0,0,1,0,0,1,0,0,0,0,0,0,0,0,0,0,0,0,0,0,0,0,0,1,Brooklyn,Crown Heights South,-17394,"President St 2, 5 subway",-73.950683,40.667883
367,0101000020E610000049D74CBED97F52C02966738BAF5C4440,0,0,0,0,0,0,0,0,1,0,1,1,1,0,0,0,0,0,0,0,0,0,0,1,Manhattan,Little Italy/NoLiTa,-71719,"Prince St N, Q, R, W subway",-73.997665,40.7241072
368,0101000020E6100000E4A08499B67952C065A54929E8684440,0,0,1,0,0,1,0,0,0,0,0,0,0,0,0,0,0,0,0,0,0,0,0,1,The Bronx,Melrose South,118349,"Prospect Av 2, 5 subway",-73.90177,40.819585
369,0101000020E610000041F56ADB8B7F52C042F9CCA32C554440,0,0,0,0,0,0,0,0,0,0,1,0,0,0,0,0,0,0,0,1,0,0,0,1,Brooklyn,Park Slope,-27279,"Prospect Av D, R subway",-73.9929112,40.6654248
370,0101000020E6100000F0390BD6937D52C07D72B96697544440,0,0,0,0,0,0,0,0,0,1,1,1,0,0,0,0,0,0,0,0,0,1,0,1,Brooklyn,Prospect-Lefferts Gardens,-54491,"Prospect Park B, Q, S subway",-73.9621482,40.6608704
371,0101000020E6100000FB5F09FFFD7B52C01BD5E940D65F4440,0,0,0,0,0,0,0,0,0,0,0,0,0,1,0,0,0,0,1,0,0,0,0,1,Queens,Long Island City/Hunters Point,22140,"Queens Plaza E, M, R subway",-73.9373777,40.748726
372,0101000020E6100000906802452C7C52C0AF7B2B1213604440,1,0,0,0,0,0,0,0,1,0,0,1,1,0,0,0,0,0,0,0,0,0,0,1,Queens,Long Island City/Hunters Point,332332,"Queensboro Plaza N, Q, W, 7 subway",-73.940202,40.750582
373,0101000020E61000009833DB15FA7A52C034C40CE8E0564440,0,0,0,0,0,0,0,0,0,0,0,0,0,0,0,0,0,0,0,0,1,0,1,1,Brooklyn,Ocean Hill,-4757,"Ralph Av A, C subway",-73.921514,40.6787386
374,0101000020E61000001E49939CDD8052C037D5A425A05A4440,0,0,0,0,0,0,1,0,0,0,0,0,0,0,0,0,0,0,0,0,0,0,0,1,Manhattan,World Trade Center,-237434,Rector St 1 subway,-74.0135261,40.7080123
375,0101000020E61000001E49939CDD8052C037D5A425A05A4440,0,0,0,0,0,0,0,0,1,0,1,0,1,0,0,0,0,0,0,0,0,0,0,1,Manhattan,World Trade Center,141380,"Rector St N, R, W subway",-74.0135261,40.7080123
376,0101000020E610000025E659492B7A52C02BA1BB24CE544440,0,0,0,0,1,0,0,0,0,0,0,0,0,0,0,0,0,0,0,0,0,0,0,1,Brooklyn,Brownsville,1008473,Rockaway Av 3 subway,-73.908892,40.662541
377,0101000020E61000009FC7CD154A7A52C0EA8C94D2D8564440,0,0,0,0,0,0,0,0,0,0,0,0,0,0,0,0,0,0,0,0,1,0,1,1,Brooklyn,Ocean Hill,65505,"Rockaway Av A, C subway",-73.9107718,40.6784919
378,0101000020E61000004C4F58E2017652C00B86298018574440,0,0,0,0,0,0,0,0,0,0,0,0,0,0,0,0,0,0,0,0,0,0,1,1,Queens,Ozone Park,652984,Rockaway Blvd A subway,-73.843865,40.6804352
379,0101000020E6100000CA969B5E987552C0A8A55E5C4F4A4440,0,0,0,0,0,0,0,0,0,1,0,0,0,0,0,0,0,0,0,0,0,0,1,1,Brooklyn,Rockaway Park,-5322,"Rockaway Park-Beach 116 St A, S subway",-73.8374249,40.5805469
380,0101000020E61000009471E71D027D52C0CC1022742B614440,0,0,0,0,0,0,0,0,0,0,0,0,0,0,0,0,0,1,0,0,0,0,0,1,Queens,Roosevelt Island,143978,Roosevelt Island F subway,-73.9532542,40.7591386
381,0101000020E61000009CE2CC0AA07A52C08FA7E507AE544440,0,0,0,0,1,0,0,0,0,0,0,0,0,0,0,0,0,0,0,0,0,0,0,1,Brooklyn,Brownsville,-1233326,Saratoga Av 3 subway,-73.9160182,40.661561
382,0101000020E610000059518369187A52C08F6FEF1AF4594440,0,0,0,0,0,0,0,0,0,0,0,0,0,1,0,0,0,0,0,0,0,0,0,1,Queens,Ridgewood,12182,Seneca Av M subway,-73.90774,40.702762
383,0101000020E6100000271422E0107D52C09D137B681F4B4440,0,0,0,0,0,0,0,0,0,0,0,1,0,0,0,0,0,0,0,0,0,1,0,1,Brooklyn,Sheepshead Bay,26271,"Sheepshead Bay B, Q subway",-73.954155,40.586896
384,0101000020E6100000EE7C3F355E7852C051A04FE449564440,0,0,0,0,0,0,0,0,0,0,0,0,0,0,0,0,0,0,0,0,1,0,1,1,Brooklyn,East New York,38,"Shepherd Av A, C subway",-73.88075,40.67413
385,0101000020E6100000465C001A257952C0B06719F384694440,0,0,1,0,0,1,0,0,0,0,0,0,0,0,0,0,0,0,0,0,0,0,0,1,The Bronx,Hunts Point,-1176,"Simpson St 2, 5 subway",-73.8928895,40.8243698
386,0101000020E610000013149A7FCF7F52C0C0DC387359564440,0,0,0,0,0,0,0,0,0,0,0,0,0,0,0,0,1,1,0,0,0,0,0,1,Brooklyn,Carroll Gardens,-103054,"Smith-9 Sts F, G subway",-73.9970397,40.6746048
387,0101000020E6100000DB920B84D38052C071276C9AD2594440,0,0,0,0,0,0,1,0,1,0,1,0,1,0,0,0,0,0,0,0,0,0,0,1,Manhattan,Financial District South,258772,"South Ferry 1 / Whitehall St N, R, W subway",-74.0129099,40.7017396
388,0101000020E6100000B6EC5A8CCB7F52C02D077AA86D5C4440,0,1,0,0,0,0,0,0,0,0,0,0,0,0,0,0,0,0,0,0,0,0,0,1,Manhattan,Little Italy/NoLiTa,-11533,Spring St 6 subway,-73.9967986,40.7220965
389,0101000020E61000002CB583B6418052C0C4549F50F45C4440,0,0,0,0,0,0,0,0,0,0,0,0,0,0,0,0,0,0,1,0,1,0,1,1,Manhattan,Hudson Sq,-37612,"Spring St A, C, E subway",-74.0040108,40.7262059
390,0101000020E6100000878FE3E2837752C0982DFE5B6E6A4440,0,1,0,0,0,0,0,0,0,0,0,0,0,0,0,0,0,0,0,0,0,0,0,1,Queens,Soundview/Bruckner,9187,St Lawrence Av 6 subway,-73.8674247,40.8314929
391,0101000020E6100000F986C267EB7A52C01F10E84CDA604440,0,0,0,0,0,0,0,0,0,0,1,0,0,1,0,0,0,0,1,0,0,0,0,1,Queens,Astoria,-76025,"Steinway St E, M, R subway",-73.920618,40.756662
392,0101000020E61000000047F1E0DD7C52C0CBE6BBA5E6544440,0,0,1,0,0,1,0,0,0,0,0,0,0,0,0,0,0,0,0,0,0,0,0,1,Brooklyn,Prospect-Lefferts Gardens,-17286,"Sterling St 2, 5 subway",-73.9510424,40.6632888
393,0101000020E6100000AC70CB47D27352C013149A7F4F5A4440,0,0,0,0,0,0,0,0,0,0,0,0,0,0,0,0,0,1,0,0,0,0,0,1,Queens,Jamaica,-92273,Sutphin Blvd F subway,-73.8097095,40.7055511
394,0101000020E61000007A0A6FC5B47352C02DCC423BA7594440,0,0,0,0,0,0,0,1,0,0,0,0,0,0,0,1,0,0,1,0,0,0,0,1,Queens,Jamaica,137141,"Sutphin Blvd-Archer Av-JFK Airport E, J, Z subway",-73.8079084,40.700416
395,0101000020E6100000D0B359F5B97952C0C5025FD1AD554440,0,0,0,0,0,0,0,0,0,0,0,0,0,0,1,0,0,0,0,0,0,0,0,1,Brooklyn,Brownsville,-18455,Sutter Av L subway,-73.901975,40.669367
396,0101000020E6100000874D092D107B52C0D8593EDC1F554440,0,0,0,0,1,0,0,0,0,0,0,0,0,0,0,0,0,0,0,0,0,0,0,1,Brooklyn,Brownsville,-385437,Sutter Av-Rutland Rd 3 subway,-73.9228623,40.6650348
397,0101000020E6100000F69507E9297F52C0EF874446AC604440,1,0,0,0,1,1,1,0,1,1,1,1,1,0,0,0,0,0,1,0,1,0,1,1,Manhattan,Garment District,-1827697,"Times Sq-42 St N, Q, R, W, S, 1, 2, 3, 7 / 42 St A, C, E subway",-73.986933,40.7552574
398,0101000020E6100000321D3A3DEF7952C07E18213CDA6C4440,0,0,0,0,0,0,0,0,0,0,0,0,0,0,0,0,0,0,0,1,0,1,0,1,The Bronx,Mount Hope,58199,"Tremont Av B, D subway",-73.905227,40.85041
399,0101000020E610000088BA0F40EA7E52C025F72AE8AC564440,0,0,0,0,0,0,0,0,0,0,1,0,1,0,0,0,0,0,0,0,0,0,0,1,Brooklyn,Park Slope,-48233,"Union St D, N, R subway",-73.9830475,40.6771517
400,0101000020E610000070F48CD8827B52C08095E8D1F9564440,0,0,0,0,0,0,0,0,0,0,0,0,0,0,0,0,0,0,0,0,1,0,1,1,Brooklyn,Crown Heights North,92550,"Utica Av A, C subway",-73.9298612,40.6794989
401,0101000020E61000002B5D0BC47C7952C005210F33EA714440,0,0,0,0,0,0,1,0,0,0,0,0,0,0,0,0,0,0,0,0,0,0,0,1,The Bronx,Spuyten Duyvil/Kingsbridge,27496,Van Cortlandt Park-242 St 1 subway,-73.8982401,40.8899597
402,0101000020E6100000BF5AFFF8DC7852C0E6C9350532554440,0,0,0,0,1,0,0,0,0,0,0,0,0,0,0,0,0,0,0,0,0,0,0,1,Brooklyn,East New York,946155,Van Siclen Av 3 subway,-73.8884871,40.665589
403,0101000020E6100000D139E40BFF7852C0683403A61D564440,0,0,0,0,0,0,0,0,0,0,0,0,0,0,0,0,0,0,0,0,1,0,1,1,Brooklyn,East New York,-1321,"Van Siclen Av A, C subway",-73.8905668,40.6727798
404,0101000020E61000005DE5643D107952C097B0917FC1564440,0,0,0,0,0,0,0,1,0,0,0,0,0,0,0,1,0,0,0,0,0,0,0,1,Brooklyn,East New York,16909,"Van Siclen Av J, Z subway",-73.8916162,40.6777801
405,0101000020E6100000414EF3E90C7D52C03EACDCB0125F4440,1,0,0,0,0,0,0,0,0,0,0,0,0,0,0,0,0,0,0,0,0,0,0,1,Queens,Long Island City/Hunters Point,414533,Vernon Blvd-Jackson Av 7 subway,-73.9539132,40.7427579
406,0101000020E6100000CD261B6A6F7652C0EC4905BA9B734440,0,0,0,0,0,1,0,0,0,0,0,0,0,0,0,0,0,0,0,0,0,0,0,1,The Bronx,Woodlawn/Wakefield,7630,Wakefield-241 St 2 subway,-73.8505502,40.9031899
407,0101000020E6100000C9E946B38D8052C08320F6F8735A4440,0,0,0,0,1,1,0,0,0,0,0,0,0,0,0,0,0,0,0,0,0,0,0,1,Manhattan,Financial District North,38594,"Wall St 2, 3 subway",-74.0086487,40.7066642
408,0101000020E6100000C9E946B38D8052C08320F6F8735A4440,0,0,1,1,0,0,0,0,0,0,0,0,0,0,0,0,0,0,0,0,0,0,0,1,Manhattan,Financial District North,-560361,"Wall St 4, 5 subway",-74.0086487,40.7066642
409,0101000020E6100000AEA6A1FC138052C0D234CDE0945D4440,0,0,0,0,0,0,0,0,0,0,0,0,0,1,0,0,0,1,1,1,1,1,1,1,Manhattan,Greenwich Village South,-192081,"West 4 St-Washington Sq A, B, C, D, E, F, M subway",-74.0012199,40.7311059
410,0101000020E6100000C4C19437767E52C081A8458EBE494440,0,0,0,0,0,0,0,0,0,0,0,1,0,0,0,0,0,1,0,0,0,0,0,1,Brooklyn,Coney Island,6220,"West 8 St-New York Aquarium F, Q subway",-73.9759654,40.5761278
411,0101000020E6100000AA6F4F464B7852C0A7954220976B4440,0,0,1,0,0,1,0,0,0,0,0,0,0,0,0,0,0,0,0,0,0,0,0,1,The Bronx,East Tremont,28025,"West Farms Sq-East Tremont Av 2, 5 subway",-73.8795944,40.8405495
412,0101000020E6100000B3A15170E77552C067D883A4AA6B4440,0,1,0,0,0,0,0,0,0,0,0,0,0,0,0,0,0,0,0,0,0,0,0,1,The Bronx,Van Nest/Morris Park,-104082,Westchester Sq-East Tremont Av 6 subway,-73.8422509,40.8411451
413,0101000020E61000000D0055DCB87852C0C7293A92CB694440,0,1,0,0,0,0,0,0,0,0,0,0,0,0,0,0,0,0,0,0,0,0,0,1,The Bronx,Hunts Point,26273,Whitlock Av 6 subway,-73.886283,40.826525
414,0101000020E61000001805C1E3DB7952C0C154336B29584440,0,0,0,0,0,0,0,0,0,0,0,0,0,0,1,0,0,0,0,0,0,0,0,1,Brooklyn,Bushwick North,-187859,Wilson Av L subway,-73.904046,40.688764
415,0101000020E6100000E50E9BC8CC7C52C01AAB28B91E544440,0,0,1,0,0,1,0,0,0,0,0,0,0,0,0,0,0,0,0,0,0,0,0,1,Brooklyn,Prospect-Lefferts Gardens,-94907,"Winthrop St 2, 5 subway",-73.949999,40.6571876
416,0101000020E6100000FBB8910D7F7652C0B9F30E01D1584440,0,0,0,0,0,0,0,1,0,0,0,0,0,0,0,1,0,0,0,0,0,0,0,1,Queens,Woodhaven,-38292,"Woodhaven Blvd J, Z subway",-73.8515047,40.6938783
417,0101000020E61000009ECF807AB37752C04C31AC87D45D4440,0,0,0,0,0,0,0,0,0,0,1,0,0,1,0,0,0,0,1,0,0,0,0,1,Queens,Elmhurst,24884,"Woodhaven Blvd E, M, R subway",-73.8703295,40.7330484
418,0101000020E6100000F294D5743D7852C0E20511A969714440,0,0,0,1,0,0,0,0,0,0,0,0,0,0,0,0,0,0,0,0,0,0,0,1,The Bronx,Norwood,-37990,Woodlawn 4 subway,-73.878751,40.886037
419,0101000020E61000000406A458C97952C0C086962B725F4440,1,0,0,0,0,0,0,0,0,0,0,0,0,0,0,0,0,0,0,0,0,0,0,1,Queens,Woodside,78882,Woodside-61 St 7 subway,-73.9029142,40.7456717
420,0101000020E610000017091280247F52C06BC317DCC5594440,0,0,0,0,0,0,0,0,0,0,0,0,0,0,0,0,0,1,0,0,0,0,0,1,Brooklyn,DUMBO/Vinegar Hill,386224,York St F subway,-73.9866028,40.7013507
421,0101000020E610000038A27BD6357652C08CBFED09126B4440,0,1,0,0,0,0,0,0,0,0,0,0,0,0,0,0,0,0,0,0,0,0,0,1,The Bronx,Westchester Village/Unionport,291431,Zerega Av 6 subway,-73.847036,40.836488
233,0101000020E610000047510C35AF8052C0A2A712AFFC5A4440,0,0,0,0,0,0,1,0,0,0,0,0,0,0,0,0,0,0,0,0,0,0,0,1,,Closed,,Cortlandt St 1 subway,-74.0106938,40.7108363
